,Date,Close_CL=F,High_CL=F,Low_CL=F,Open_CL=F,Volume_CL=F
0,2020-01-02,61.18000030517578,61.599998474121094,60.63999938964844,61.599998474121094,486873
1,2020-01-03,63.04999923706055,64.08999633789062,61.130001068115234,61.18000030517578,885861
2,2020-01-06,63.27000045776367,64.72000122070312,62.63999938964844,63.709999084472656,724236
3,2020-01-07,62.70000076293945,63.150001525878906,62.11000061035156,62.90999984741211,582649
4,2020-01-08,59.61000061035156,65.6500015258789,59.150001525878906,62.84000015258789,1205710
5,2020-01-09,59.560001373291016,60.310001373291016,58.65999984741211,59.9900016784668,750933
6,2020-01-10,59.040000915527344,59.779998779296875,58.849998474121094,59.61000061035156,596186
7,2020-01-13,58.08000183105469,59.27000045776367,57.90999984741211,59.040000915527344,584002
8,2020-01-14,58.22999954223633,58.720001220703125,57.720001220703125,58.029998779296875,507714
9,2020-01-15,57.810001373291016,58.36000061035156,57.36000061035156,58.20000076293945,433169
10,2020-01-16,58.52000045776367,58.869998931884766,57.560001373291016,58.099998474121094,182871
11,2020-01-17,58.540000915527344,58.97999954223633,58.27000045776367,58.59000015258789,122561
12,2020-01-21,58.34000015258789,59.72999954223633,57.68000030517578,59.16999816894531,648335
13,2020-01-22,56.7400016784668,58.380001068115234,56.029998779296875,58.2599983215332,620119
14,2020-01-23,55.59000015258789,56.27000045776367,54.77000045776367,56.11000061035156,703995
15,2020-01-24,54.189998626708984,55.95000076293945,53.849998474121094,55.689998626708984,586195
16,2020-01-27,53.13999938964844,53.709999084472656,52.130001068115234,53.70000076293945,712880
17,2020-01-28,53.47999954223633,54.060001373291016,52.68000030517578,52.77000045776367,633963
18,2020-01-29,53.33000183105469,54.369998931884766,52.810001373291016,53.970001220703125,624979
19,2020-01-30,52.13999938964844,53.20000076293945,51.65999984741211,53.09000015258789,720123
20,2020-01-31,51.560001373291016,53.36000061035156,50.970001220703125,52.91999816894531,827907
21,2020-02-03,50.11000061035156,51.970001220703125,49.79999923706055,51.0099983215332,876044
22,2020-02-04,49.61000061035156,51.54999923706055,49.310001373291016,49.939998626708984,859357
23,2020-02-05,50.75,51.880001068115234,49.470001220703125,49.5099983215332,887946
24,2020-02-06,50.95000076293945,52.20000076293945,50.2400016784668,51.16999816894531,750659
25,2020-02-07,50.31999969482422,51.47999954223633,50.09000015258789,51.11000061035156,768345
26,2020-02-10,49.56999969482422,50.4900016784668,49.41999816894531,50.119998931884766,715894
27,2020-02-11,49.939998626708984,50.689998626708984,49.58000183105469,49.61000061035156,725733
28,2020-02-12,51.16999816894531,51.72999954223633,49.95000076293945,49.959999084472656,795256
29,2020-02-13,51.41999816894531,51.959999084472656,50.599998474121094,51.720001220703125,745400
30,2020-02-14,52.04999923706055,52.34000015258789,51.31999969482422,51.5099983215332,607343
31,2020-02-18,52.04999923706055,52.40999984741211,50.880001068115234,52.22999954223633,221774
32,2020-02-19,53.290000915527344,53.65999984741211,51.93000030517578,52.119998931884766,113683
33,2020-02-20,53.779998779296875,54.5,53.220001220703125,53.5,676179
34,2020-02-21,53.380001068115234,53.86000061035156,52.54999923706055,53.7400016784668,707555
35,2020-02-24,51.43000030517578,52.63999938964844,50.45000076293945,52.599998474121094,765515
36,2020-02-25,49.900001525878906,52.02000045776367,49.689998626708984,51.369998931884766,764989
37,2020-02-26,48.72999954223633,50.439998626708984,48.29999923706055,50.08000183105469,884482
38,2020-02-27,47.09000015258789,48.779998779296875,45.880001068115234,48.630001068115234,1011915
39,2020-02-28,44.7599983215332,47.029998779296875,43.849998474121094,46.4900016784668,1101659
40,2020-03-02,46.75,47.560001373291016,43.31999969482422,43.70000076293945,949471
41,2020-03-03,47.18000030517578,48.65999984741211,46.470001220703125,47.720001220703125,1011933
42,2020-03-04,46.779998779296875,48.40999984741211,46.650001525878906,46.939998626708984,745856
43,2020-03-05,45.900001525878906,47.56999969482422,45.650001525878906,47.130001068115234,704591
44,2020-03-06,41.279998779296875,46.380001068115234,41.04999923706055,46.09000015258789,1276180
45,2020-03-09,31.1299991607666,34.880001068115234,27.34000015258789,32.869998931884766,1774383
46,2020-03-10,34.36000061035156,35.02000045776367,30.200000762939453,30.3700008392334,1064632
47,2020-03-11,32.97999954223633,36.349998474121094,32.560001373291016,34.619998931884766,874646
48,2020-03-12,31.5,33.630001068115234,30.020000457763672,33.06999969482422,1025036
49,2020-03-13,31.729999542236328,33.869998931884766,30.329999923706055,30.770000457763672,743129
50,2020-03-16,28.700000762939453,33.75,28.100000381469727,33.75,698829
51,2020-03-17,26.950000762939453,30.299999237060547,26.6299991607666,28.690000534057617,545820
52,2020-03-18,20.3700008392334,27.219999313354492,20.059999465942383,26.940000534057617,309481
53,2020-03-19,25.219999313354492,27.709999084472656,21.360000610351562,22.299999237060547,136722
54,2020-03-20,22.43000030517578,27.889999389648438,19.459999084472656,24.729999542236328,1133808
55,2020-03-23,23.360000610351562,24.06999969482422,20.799999237060547,22.520000457763672,852951
56,2020-03-24,24.010000228881836,25.15999984741211,23.09000015258789,23.8700008392334,659697
57,2020-03-25,24.489999771118164,25.239999771118164,22.90999984741211,24.3700008392334,618725
58,2020-03-26,22.600000381469727,24.649999618530273,22.3799991607666,24.25,633877
59,2020-03-27,21.510000228881836,23.440000534057617,20.8799991607666,23.290000915527344,603124
60,2020-03-30,20.09000015258789,20.93000030517578,19.270000457763672,20.93000030517578,758711
61,2020-03-31,20.479999542236328,21.889999389648438,20.010000228881836,20.229999542236328,660082
62,2020-04-01,20.309999465942383,21.549999237060547,19.899999618530273,20.100000381469727,703286
63,2020-04-02,25.31999969482422,27.389999389648438,20.760000228881836,21.219999313354492,1095972
64,2020-04-03,28.34000015258789,29.1299991607666,23.520000457763672,24.809999465942383,1007577
65,2020-04-06,26.079999923706055,28.239999771118164,25.280000686645508,26.09000015258789,752710
66,2020-04-07,23.6299991607666,27.239999771118164,23.540000915527344,26.34000015258789,797707
67,2020-04-08,25.09000015258789,26.450000762939453,23.739999771118164,24.299999237060547,823554
68,2020-04-09,22.760000228881836,28.360000610351562,22.56999969482422,26.280000686645508,1122149
69,2020-04-13,22.40999984741211,24.739999771118164,22.030000686645508,24.600000381469727,775120
70,2020-04-14,20.110000610351562,23.079999923706055,19.950000762939453,22.360000610351562,785478
71,2020-04-15,19.8700008392334,20.889999389648438,19.200000762939453,20.719999313354492,544797
72,2020-04-16,19.8700008392334,20.530000686645508,19.420000076293945,20.149999618530273,350942
73,2020-04-17,18.270000457763672,20.219999313354492,17.309999465942383,20.0,240628
74,2020-04-20,-37.630001068115234,17.850000381469727,-40.31999969482422,17.729999542236328,247947
75,2020-04-21,10.010000228881836,13.859999656677246,-16.739999771118164,-14.0,2288230
76,2020-04-22,13.779999732971191,16.18000030517578,10.260000228881836,13.119999885559082,1235218
77,2020-04-23,16.5,18.260000228881836,13.350000381469727,14.199999809265137,833584
78,2020-04-24,16.940000534057617,17.969999313354492,15.640000343322754,16.780000686645508,600220
79,2020-04-27,12.779999732971191,16.979999542236328,11.880000114440918,16.84000015258789,623201
80,2020-04-28,12.34000015258789,13.6899995803833,10.069999694824219,12.960000038146973,897087
81,2020-04-29,15.0600004196167,16.780000686645508,12.670000076293945,13.350000381469727,554134
82,2020-04-30,18.84000015258789,19.440000534057617,15.449999809265137,15.640000343322754,545344
83,2020-05-01,19.780000686645508,20.479999542236328,18.06999969482422,19.040000915527344,403201
84,2020-05-04,20.389999389648438,21.420000076293945,18.049999237060547,19.110000610351562,311488
85,2020-05-05,24.559999465942383,25.489999771118164,21.1299991607666,21.239999771118164,387240
86,2020-05-06,23.989999771118164,26.079999923706055,22.579999923706055,25.520000457763672,381165
87,2020-05-07,23.549999237060547,26.739999771118164,22.940000534057617,24.09000015258789,310261
88,2020-05-08,24.739999771118164,24.989999771118164,23.260000228881836,23.350000381469727,205181
89,2020-05-11,24.139999389648438,25.579999923706055,23.670000076293945,24.489999771118164,179591
90,2020-05-12,25.780000686645508,26.229999542236328,24.219999313354492,24.489999771118164,212335
91,2020-05-13,25.290000915527344,26.450000762939453,24.790000915527344,25.299999237060547,150864
92,2020-05-14,27.559999465942383,27.959999084472656,25.18000030517578,25.559999465942383,160507
93,2020-05-15,29.43000030517578,29.920000076293945,27.239999771118164,27.639999389648438,108016
94,2020-05-18,31.81999969482422,33.31999969482422,29.530000686645508,29.530000686645508,89376
95,2020-05-19,32.5,33.439998626708984,31.34000015258789,32.83000183105469,430823
96,2020-05-20,33.4900016784668,33.779998779296875,31.559999465942383,31.889999389648438,406431
97,2020-05-21,33.91999816894531,34.65999984741211,33.2599983215332,33.529998779296875,372814
98,2020-05-22,33.25,34.0,30.719999313354492,33.95000076293945,429036
99,2020-05-26,34.349998474121094,34.810001373291016,32.47999954223633,33.29999923706055,466737
100,2020-05-27,32.810001373291016,34.31999969482422,31.75,34.13999938964844,415246
101,2020-05-28,33.709999084472656,34.209999084472656,31.139999389648438,32.099998474121094,440168
102,2020-05-29,35.4900016784668,35.77000045776367,32.36000061035156,33.68000030517578,443647
103,2020-06-01,35.439998626708984,35.900001525878906,34.27000045776367,35.209999084472656,385710
104,2020-06-02,36.810001373291016,37.060001373291016,35.279998779296875,35.560001373291016,343483
105,2020-06-03,37.290000915527344,38.18000030517578,35.880001068115234,36.86000061035156,494253
106,2020-06-04,37.40999984741211,37.619998931884766,36.380001068115234,36.7599983215332,307612
107,2020-06-05,39.54999923706055,39.68000030517578,37.04999923706055,37.33000183105469,396856
108,2020-06-08,38.189998626708984,40.439998626708984,37.959999084472656,39.40999984741211,416639
109,2020-06-09,38.939998626708984,39.099998474121094,37.06999969482422,38.220001220703125,396033
110,2020-06-10,39.599998474121094,39.90999984741211,37.72999954223633,38.5,385868
111,2020-06-11,36.34000015258789,39.09000015258789,35.40999984741211,39.09000015258789,513912
112,2020-06-12,36.2599983215332,36.9900016784668,34.47999954223633,36.2599983215332,406508
113,2020-06-15,37.119998931884766,37.2599983215332,34.36000061035156,36.029998779296875,387546
114,2020-06-16,38.380001068115234,39.060001373291016,36.380001068115234,37.04999923706055,366323
115,2020-06-17,37.959999084472656,38.75,37.209999084472656,37.93000030517578,239516
116,2020-06-18,38.84000015258789,38.970001220703125,37.11000061035156,37.7400016784668,113384
117,2020-06-19,39.75,40.4900016784668,38.400001525878906,38.849998474121094,64113
118,2020-06-22,40.459999084472656,40.70000076293945,39.119998931884766,39.18000030517578,315264
119,2020-06-23,40.369998931884766,41.630001068115234,39.7599983215332,40.68000030517578,368730
120,2020-06-24,38.0099983215332,40.540000915527344,37.310001373291016,39.9900016784668,499490
121,2020-06-25,38.720001220703125,39.22999954223633,37.08000183105469,38.04999923706055,451640
122,2020-06-26,38.4900016784668,39.349998474121094,37.790000915527344,39.09000015258789,356712
123,2020-06-29,39.70000076293945,39.88999938964844,37.5,37.959999084472656,343913
124,2020-06-30,39.27000045776367,40.08000183105469,38.849998474121094,39.63999938964844,370059
125,2020-07-01,39.81999969482422,40.58000183105469,39.04999923706055,39.84000015258789,407170
126,2020-07-02,40.650001525878906,40.7400016784668,39.459999084472656,39.779998779296875,347096
127,2020-07-06,40.630001068115234,41.08000183105469,39.84000015258789,40.380001068115234,373236
128,2020-07-07,40.619998931884766,40.95000076293945,39.900001525878906,40.68000030517578,256596
129,2020-07-08,40.900001525878906,41.08000183105469,40.29999923706055,40.47999954223633,286740
130,2020-07-09,39.619998931884766,40.9900016784668,39.27000045776367,40.869998931884766,367386
131,2020-07-10,40.54999923706055,40.77000045776367,38.540000915527344,39.58000183105469,393149
132,2020-07-13,40.099998474121094,40.720001220703125,39.470001220703125,40.349998474121094,370715
133,2020-07-14,40.290000915527344,40.56999969482422,39.06999969482422,39.599998474121094,426971
134,2020-07-15,41.20000076293945,41.2599983215332,40.08000183105469,40.54999923706055,352542
135,2020-07-16,40.75,41.18000030517578,40.52000045776367,40.970001220703125,200101
136,2020-07-17,40.59000015258789,40.900001525878906,40.02000045776367,40.720001220703125,88220
137,2020-07-20,40.810001373291016,40.90999984741211,39.83000183105469,40.63999938964844,60179
138,2020-07-21,41.959999084472656,42.400001525878906,40.63999938964844,40.650001525878906,389117
139,2020-07-22,41.900001525878906,42.029998779296875,41.13999938964844,41.540000915527344,333647
140,2020-07-23,41.06999969482422,42.36000061035156,40.83000183105469,41.95000076293945,389412
141,2020-07-24,41.290000915527344,41.66999816894531,40.65999984741211,41.060001373291016,353159
142,2020-07-27,41.599998474121094,41.81999969482422,40.47999954223633,41.2599983215332,377714
143,2020-07-28,41.040000915527344,41.93000030517578,40.849998474121094,41.650001525878906,276804
144,2020-07-29,41.27000045776367,41.56999969482422,40.93000030517578,41.130001068115234,295855
145,2020-07-30,39.91999816894531,41.38999938964844,38.720001220703125,41.31999969482422,487325
146,2020-07-31,40.27000045776367,40.54999923706055,39.65999984741211,40.34000015258789,318788
147,2020-08-03,41.0099983215332,41.2400016784668,39.58000183105469,40.38999938964844,338326
148,2020-08-04,41.70000076293945,42.08000183105469,40.13999938964844,40.779998779296875,451575
149,2020-08-05,42.189998626708984,43.52000045776367,41.470001220703125,41.560001373291016,491268
150,2020-08-06,41.95000076293945,42.650001525878906,41.61000061035156,42.189998626708984,359610
151,2020-08-07,41.220001220703125,42.220001220703125,41.060001373291016,41.970001220703125,398997
152,2020-08-10,41.939998626708984,42.33000183105469,41.16999816894531,41.5,367796
153,2020-08-11,41.61000061035156,42.939998626708984,41.47999954223633,41.97999954223633,432843
154,2020-08-12,42.66999816894531,42.900001525878906,41.529998779296875,41.619998931884766,397831
155,2020-08-13,42.2400016784668,42.84000015258789,42.09000015258789,42.56999969482422,329507
156,2020-08-14,42.0099983215332,42.56999969482422,41.619998931884766,42.33000183105469,310866
157,2020-08-17,42.88999938964844,42.970001220703125,41.79999923706055,42.2400016784668,208429
158,2020-08-18,42.88999938964844,42.9900016784668,42.11000061035156,42.790000915527344,111628
159,2020-08-19,42.93000030517578,43.029998779296875,42.36000061035156,42.599998474121094,81299
160,2020-08-20,42.58000183105469,42.790000915527344,41.5,42.7400016784668,377070
161,2020-08-21,42.34000015258789,42.959999084472656,41.459999084472656,42.75,345368
162,2020-08-24,42.619998931884766,42.88999938964844,42.22999954223633,42.47999954223633,294731
163,2020-08-25,43.349998474121094,43.56999969482422,42.310001373291016,42.36000061035156,330800
164,2020-08-26,43.38999938964844,43.779998779296875,43.0,43.38999938964844,262243
165,2020-08-27,43.040000915527344,43.5,42.36000061035156,43.45000076293945,320968
166,2020-08-28,42.970001220703125,43.41999816894531,42.689998626708984,42.97999954223633,272800
167,2020-08-31,42.61000061035156,43.56999969482422,42.560001373291016,42.90999984741211,236877
168,2020-09-01,42.7599983215332,43.43000030517578,42.720001220703125,42.83000183105469,285146
169,2020-09-02,41.5099983215332,43.209999084472656,41.22999954223633,43.02000045776367,421771
170,2020-09-03,41.369998931884766,41.790000915527344,40.220001220703125,41.630001068115234,417634
171,2020-09-04,39.77000045776367,41.869998931884766,39.349998474121094,41.25,444184
172,2020-09-08,36.7599983215332,39.59000015258789,36.130001068115234,39.47999954223633,720975
173,2020-09-09,38.04999923706055,38.45000076293945,36.15999984741211,36.790000915527344,455356
174,2020-09-10,37.29999923706055,38.18000030517578,36.93000030517578,37.79999923706055,367555
175,2020-09-11,37.33000183105469,37.81999969482422,36.66999816894531,37.0099983215332,363787
176,2020-09-14,37.2599983215332,37.68000030517578,36.81999969482422,37.31999969482422,347563
177,2020-09-15,38.279998779296875,38.56999969482422,37.060001373291016,37.279998779296875,348861
178,2020-09-16,40.15999984741211,40.34000015258789,38.349998474121094,38.349998474121094,367612
179,2020-09-17,40.970001220703125,41.220001220703125,39.41999816894531,40.189998626708984,280669
180,2020-09-18,41.11000061035156,41.4900016784668,40.29999923706055,40.970001220703125,85906
181,2020-09-21,39.310001373291016,41.27000045776367,38.65999984741211,40.97999954223633,66195
182,2020-09-22,39.599998474121094,40.02000045776367,39.0,39.630001068115234,287807
183,2020-09-23,39.93000030517578,40.75,39.2599983215332,39.7599983215332,318754
184,2020-09-24,40.310001373291016,40.369998931884766,39.119998931884766,39.599998474121094,269992
185,2020-09-25,40.25,40.63999938964844,39.709999084472656,40.150001525878906,229025
186,2020-09-28,40.599998474121094,40.79999923706055,39.779998779296875,40.06999969482422,226425
187,2020-09-29,39.290000915527344,40.70000076293945,38.40999984741211,40.58000183105469,379599
188,2020-09-30,40.220001220703125,40.369998931884766,38.68000030517578,39.15999984741211,340294
189,2020-10-01,38.720001220703125,40.470001220703125,37.61000061035156,39.900001525878906,443442
190,2020-10-02,37.04999923706055,38.650001525878906,36.630001068115234,38.599998474121094,391428
191,2020-10-05,39.220001220703125,39.720001220703125,37.0,37.0,378579
192,2020-10-06,40.66999816894531,40.86000061035156,39.099998474121094,39.349998474121094,400531
193,2020-10-07,39.95000076293945,40.349998474121094,39.279998779296875,39.83000183105469,433065
194,2020-10-08,41.189998626708984,41.33000183105469,39.7599983215332,39.9900016784668,409787
195,2020-10-09,40.599998474121094,41.470001220703125,40.380001068115234,41.310001373291016,331703
196,2020-10-12,39.43000030517578,40.45000076293945,39.040000915527344,40.400001525878906,322035
197,2020-10-13,40.20000076293945,40.529998779296875,39.349998474121094,39.529998779296875,375470
198,2020-10-14,41.040000915527344,41.15999984741211,39.81999969482422,40.189998626708984,328295
199,2020-10-15,40.959999084472656,41.290000915527344,39.220001220703125,41.130001068115234,248251
200,2020-10-16,40.880001068115234,41.04999923706055,40.08000183105469,40.880001068115234,96488
201,2020-10-19,40.83000183105469,41.220001220703125,40.540000915527344,40.689998626708984,75335
202,2020-10-20,41.459999084472656,41.70000076293945,40.25,40.650001525878906,360574
203,2020-10-21,40.029998779296875,41.59000015258789,39.779998779296875,41.220001220703125,366899
204,2020-10-22,40.63999938964844,41.02000045776367,39.709999084472656,40.040000915527344,307494
205,2020-10-23,39.849998474121094,40.91999816894531,39.56999969482422,40.61000061035156,268931
206,2020-10-26,38.560001373291016,39.7400016784668,38.279998779296875,39.689998626708984,360184
207,2020-10-27,39.56999969482422,39.83000183105469,38.5099983215332,38.59000015258789,339535
208,2020-10-28,37.38999938964844,39.0099983215332,36.970001220703125,38.970001220703125,489954
209,2020-10-29,36.16999816894531,37.7599983215332,34.91999816894531,37.38999938964844,568816
210,2020-10-30,35.790000915527344,36.599998474121094,35.209999084472656,36.06999969482422,388971
211,2020-11-02,36.810001373291016,37.150001525878906,33.63999938964844,35.2400016784668,489204
212,2020-11-03,37.65999984741211,38.31999969482422,36.56999969482422,37.029998779296875,410611
213,2020-11-04,39.150001525878906,39.25,37.2599983215332,38.150001525878906,437000
214,2020-11-05,38.790000915527344,39.349998474121094,38.27000045776367,39.16999816894531,298366
215,2020-11-06,37.13999938964844,38.61000061035156,37.060001373291016,38.540000915527344,411026
216,2020-11-09,40.290000915527344,41.33000183105469,37.15999984741211,37.34000015258789,622921
217,2020-11-10,41.36000061035156,41.84000015258789,39.40999984741211,39.90999984741211,457045
218,2020-11-11,41.45000076293945,43.060001373291016,41.31999969482422,41.790000915527344,443772
219,2020-11-12,41.119998931884766,42.189998626708984,40.869998931884766,41.470001220703125,401031
220,2020-11-13,40.130001068115234,40.939998626708984,40.060001373291016,40.939998626708984,338187
221,2020-11-16,41.34000015258789,42.09000015258789,40.150001525878906,40.16999816894531,378785
222,2020-11-17,41.43000030517578,41.689998626708984,40.56999969482422,41.439998626708984,243677
223,2020-11-18,41.81999969482422,42.459999084472656,41.08000183105469,41.349998474121094,107013
224,2020-11-19,41.7400016784668,41.97999954223633,41.08000183105469,41.61000061035156,88144
225,2020-11-20,42.150001525878906,42.31999969482422,41.5099983215332,41.70000076293945,276340
226,2020-11-23,43.060001373291016,43.36000061035156,42.290000915527344,42.459999084472656,300717
227,2020-11-24,44.90999984741211,45.20000076293945,42.81999969482422,42.84000015258789,418527
228,2020-11-25,45.709999084472656,46.2599983215332,44.72999954223633,44.81999969482422,417182
229,2020-11-27,45.529998779296875,46.09000015258789,44.54999923706055,45.900001525878906,365128
230,2020-11-30,45.34000015258789,45.79999923706055,44.41999816894531,45.34000015258789,370755
231,2020-12-01,44.54999923706055,45.70000076293945,44.119998931884766,45.08000183105469,314919
232,2020-12-02,45.279998779296875,45.91999816894531,43.91999816894531,44.380001068115234,368854
233,2020-12-03,45.63999938964844,45.84000015258789,44.65999984741211,44.9900016784668,350768
234,2020-12-04,46.2599983215332,46.68000030517578,45.61000061035156,45.63999938964844,335453
235,2020-12-07,45.7599983215332,46.540000915527344,45.36000061035156,46.150001525878906,348871
236,2020-12-08,45.599998474121094,45.93000030517578,45.13999938964844,45.65999984741211,332641
237,2020-12-09,45.52000045776367,46.2400016784668,44.95000076293945,45.599998474121094,434976
238,2020-12-10,46.779998779296875,47.7400016784668,45.52000045776367,45.689998626708984,447529
239,2020-12-11,46.56999969482422,47.290000915527344,46.34000015258789,46.970001220703125,367305
240,2020-12-14,46.9900016784668,47.439998626708984,45.689998626708984,46.72999954223633,403543
241,2020-12-15,47.619998931884766,47.72999954223633,46.540000915527344,46.9900016784668,311169
242,2020-12-16,47.81999969482422,47.939998626708984,47.16999816894531,47.599998474121094,275331
243,2020-12-17,48.36000061035156,48.59000015258789,47.810001373291016,47.849998474121094,96536
244,2020-12-18,49.099998474121094,49.279998779296875,48.099998474121094,48.43000030517578,83711
245,2020-12-21,47.7400016784668,48.61000061035156,46.18000030517578,48.540000915527344,478098
246,2020-12-22,47.02000045776367,47.959999084472656,46.599998474121094,47.93000030517578,295737
247,2020-12-23,48.119998931884766,48.5,46.15999984741211,46.790000915527344,344306
248,2020-12-24,48.22999954223633,48.619998931884766,47.560001373291016,48.09000015258789,167390
249,2020-12-28,47.619998931884766,48.959999084472656,47.5,48.22999954223633,238462
250,2020-12-29,48.0,48.349998474121094,47.68000030517578,47.720001220703125,213778
251,2020-12-30,48.400001525878906,48.65999984741211,47.61000061035156,48.130001068115234,266957
252,2020-12-31,48.52000045776367,48.58000183105469,47.77000045776367,48.349998474121094,181894
253,2021-01-04,47.619998931884766,49.83000183105469,47.18000030517578,48.400001525878906,528525
254,2021-01-05,49.93000030517578,50.20000076293945,47.2400016784668,47.380001068115234,643191
255,2021-01-06,50.630001068115234,50.939998626708984,49.47999954223633,49.81999969482422,509365
256,2021-01-07,50.83000183105469,51.279998779296875,50.38999938964844,50.529998779296875,369292
257,2021-01-08,52.2400016784668,52.75,50.810001373291016,50.93000030517578,499416
258,2021-01-11,52.25,52.70000076293945,51.5,52.58000183105469,394822
259,2021-01-12,53.209999084472656,53.45000076293945,52.06999969482422,52.18000030517578,400200
260,2021-01-13,52.90999984741211,53.93000030517578,52.58000183105469,53.310001373291016,429898
261,2021-01-14,53.56999969482422,53.75,52.2400016784668,52.84000015258789,390087
262,2021-01-15,52.36000061035156,53.83000183105469,51.83000183105469,53.79999923706055,165668
263,2021-01-19,52.97999954223633,53.130001068115234,51.7599983215332,52.0,125964
264,2021-01-20,53.2400016784668,53.790000915527344,53.04999923706055,53.130001068115234,400301
265,2021-01-21,53.130001068115234,53.40999984741211,52.75,52.93000030517578,352397
266,2021-01-22,52.27000045776367,53.15999984741211,51.439998626708984,53.099998474121094,437484
267,2021-01-25,52.77000045776367,52.95000076293945,51.81999969482422,52.16999816894531,349076
268,2021-01-26,52.61000061035156,53.25,52.290000915527344,52.90999984741211,314538
269,2021-01-27,52.849998474121094,53.29999923706055,51.849998474121094,52.7599983215332,442376
270,2021-01-28,52.34000015258789,53.58000183105469,52.040000915527344,52.650001525878906,411406
271,2021-01-29,52.20000076293945,53.25,51.93000030517578,52.150001525878906,410914
272,2021-02-01,53.54999923706055,53.7400016784668,51.63999938964844,51.9900016784668,416067
273,2021-02-02,54.7599983215332,55.2599983215332,53.45000076293945,53.47999954223633,463718
274,2021-02-03,55.689998626708984,56.33000183105469,54.810001373291016,55.04999923706055,448693
275,2021-02-04,56.22999954223633,56.58000183105469,55.29999923706055,55.959999084472656,381404
276,2021-02-05,56.849998474121094,57.290000915527344,56.43000030517578,56.459999084472656,400833
277,2021-02-08,57.970001220703125,58.13999938964844,57.0,57.060001373291016,399724
278,2021-02-09,58.36000061035156,58.619998931884766,57.27000045776367,58.11000061035156,514698
279,2021-02-10,58.68000030517578,58.90999984741211,58.08000183105469,58.45000076293945,457535
280,2021-02-11,58.2400016784668,58.709999084472656,57.84000015258789,58.400001525878906,380445
281,2021-02-12,59.470001220703125,59.81999969482422,57.40999984741211,57.939998626708984,480822
282,2021-02-16,60.04999923706055,60.95000076293945,59.33000183105469,59.97999954223633,602332
283,2021-02-17,61.13999938964844,61.72999954223633,59.43000030517578,60.2400016784668,335419
284,2021-02-18,60.52000045776367,62.2599983215332,59.790000915527344,61.68000030517578,132035
285,2021-02-19,59.2400016784668,60.290000915527344,58.59000015258789,60.20000076293945,102427
286,2021-02-22,61.4900016784668,61.84000015258789,58.81999969482422,58.880001068115234,505773
287,2021-02-23,61.66999816894531,63.0,60.66999816894531,62.15999984741211,570677
288,2021-02-24,63.220001220703125,63.5099983215332,60.970001220703125,61.290000915527344,489933
289,2021-02-25,63.529998779296875,63.810001373291016,62.650001525878906,63.38999938964844,510357
290,2021-02-26,61.5,63.56999969482422,61.34000015258789,63.459999084472656,472723
291,2021-03-01,60.63999938964844,62.91999816894531,59.959999084472656,61.95000076293945,456679
292,2021-03-02,59.75,61.209999084472656,59.380001068115234,60.22999954223633,464133
293,2021-03-03,61.279998779296875,61.9900016784668,59.2400016784668,59.54999923706055,465311
294,2021-03-04,63.83000183105469,64.86000061035156,60.52000045776367,61.08000183105469,694628
295,2021-03-05,66.08999633789062,66.41999816894531,63.81999969482422,64.16000366210938,573168
296,2021-03-08,65.05000305175781,67.9800033569336,64.56999969482422,66.68000030517578,533376
297,2021-03-09,64.01000213623047,65.9800033569336,63.630001068115234,64.7300033569336,554564
298,2021-03-10,64.44000244140625,64.95999908447266,63.130001068115234,63.84000015258789,498488
299,2021-03-11,66.0199966430664,66.20999908447266,64.54000091552734,64.69999694824219,441063
300,2021-03-12,65.61000061035156,66.23999786376953,65.41000366210938,65.95999908447266,321714
301,2021-03-15,65.38999938964844,66.4000015258789,64.12999725341797,65.55999755859375,378009
302,2021-03-16,64.80000305175781,65.43000030517578,63.79999923706055,65.33000183105469,317537
303,2021-03-17,64.5999984741211,65.33999633789062,63.599998474121094,64.75,254724
304,2021-03-18,60.0,64.81999969482422,58.20000076293945,64.41999816894531,143597
305,2021-03-19,61.41999816894531,61.720001220703125,58.939998626708984,59.560001373291016,84171
306,2021-03-22,61.54999923706055,61.900001525878906,60.38999938964844,61.54999923706055,404370
307,2021-03-23,57.7599983215332,61.349998474121094,57.25,61.279998779296875,712317
308,2021-03-24,61.18000030517578,61.34000015258789,57.290000915527344,57.400001525878906,566291
309,2021-03-25,58.560001373291016,60.86000061035156,57.439998626708984,60.79999923706055,580105
310,2021-03-26,60.970001220703125,61.36000061035156,58.31999969482422,58.47999954223633,471996
311,2021-03-29,61.560001373291016,61.77000045776367,59.40999984741211,60.93000030517578,449360
312,2021-03-30,60.54999923706055,62.27000045776367,59.939998626708984,61.959999084472656,388188
313,2021-03-31,59.15999984741211,61.16999816894531,58.849998474121094,60.45000076293945,414162
314,2021-04-01,61.45000076293945,61.75,58.86000061035156,59.4900016784668,605567
315,2021-04-05,58.650001525878906,61.5,57.630001068115234,61.5,438864
316,2021-04-06,59.33000183105469,60.900001525878906,58.619998931884766,58.79999923706055,457348
317,2021-04-07,59.77000045776367,60.040000915527344,58.119998931884766,59.2599983215332,475537
318,2021-04-08,59.599998474121094,59.93000030517578,58.81999969482422,59.52000045776367,419913
319,2021-04-09,59.31999969482422,59.95000076293945,59.099998474121094,59.7599983215332,351436
320,2021-04-12,59.70000076293945,60.77000045776367,58.72999954223633,59.349998474121094,410218
321,2021-04-13,60.18000030517578,60.59000015258789,59.63999938964844,59.63999938964844,349733
322,2021-04-14,63.150001525878906,63.439998626708984,60.380001068115234,60.439998626708984,419813
323,2021-04-15,63.459999084472656,63.56999969482422,62.529998779296875,62.83000183105469,243370
324,2021-04-16,63.130001068115234,63.880001068115234,62.83000183105469,63.31999969482422,87795
325,2021-04-19,63.380001068115234,63.630001068115234,62.630001068115234,62.97999954223633,74384
326,2021-04-20,62.439998626708984,64.25,61.5,63.470001220703125,476046
327,2021-04-21,61.349998474121094,62.560001373291016,60.86000061035156,62.38999938964844,431486
328,2021-04-22,61.43000030517578,61.869998931884766,60.61000061035156,61.11000061035156,344700
329,2021-04-23,62.13999938964844,62.43000030517578,61.25,61.650001525878906,345407
330,2021-04-26,61.90999984741211,62.310001373291016,60.65999984741211,62.060001373291016,366865
331,2021-04-27,62.939998626708984,63.29999923706055,61.90999984741211,61.970001220703125,361536
332,2021-04-28,63.86000061035156,64.52999877929688,62.66999816894531,63.040000915527344,387683
333,2021-04-29,65.01000213623047,65.47000122070312,63.650001525878906,63.70000076293945,384489
334,2021-04-30,63.58000183105469,64.94999694824219,63.08000183105469,64.87999725341797,400515
335,2021-05-03,64.48999786376953,64.68000030517578,62.90999984741211,63.63999938964844,285969
336,2021-05-04,65.69000244140625,66.19000244140625,64.29000091552734,64.52999877929688,370208
337,2021-05-05,65.62999725341797,66.76000213623047,64.91999816894531,66.44999694824219,460066
338,2021-05-06,64.70999908447266,65.9800033569336,64.5,65.2699966430664,389214
339,2021-05-07,64.9000015258789,65.23999786376953,63.900001525878906,64.9000015258789,431417
340,2021-05-10,64.91999816894531,65.75,63.95000076293945,65.56999969482422,448337
341,2021-05-11,65.27999877929688,65.5,63.68000030517578,64.9000015258789,514949
342,2021-05-12,66.08000183105469,66.62999725341797,64.97000122070312,65.45999908447266,508519
343,2021-05-13,63.81999969482422,65.80999755859375,63.09000015258789,65.75,547691
344,2021-05-14,65.37000274658203,65.62000274658203,63.33000183105469,63.83000183105469,383749
345,2021-05-17,66.2699966430664,66.43000030517578,64.83000183105469,65.5,268476
346,2021-05-18,65.48999786376953,67.01000213623047,64.11000061035156,66.33000183105469,167348
347,2021-05-19,63.36000061035156,65.3499984741211,61.95000076293945,65.27999877929688,101902
348,2021-05-20,62.04999923706055,63.959999084472656,61.88999938964844,63.38999938964844,524168
349,2021-05-21,63.58000183105469,64.06999969482422,61.560001373291016,61.88999938964844,530831
350,2021-05-24,66.05000305175781,66.13999938964844,63.630001068115234,63.869998931884766,466647
351,2021-05-25,66.06999969482422,66.51000213623047,65.41000366210938,66.0199966430664,497394
352,2021-05-26,66.20999908447266,66.43000030517578,65.25,66.04000091552734,376207
353,2021-05-27,66.8499984741211,66.91999816894531,65.47000122070312,66.16000366210938,337542
354,2021-05-28,66.31999969482422,67.5199966430664,66.16999816894531,66.94999694824219,390461
355,2021-06-01,67.72000122070312,68.87000274658203,66.41000366210938,66.68000030517578,570985
356,2021-06-02,68.83000183105469,69.0,67.77999877929688,67.98999786376953,332995
357,2021-06-03,68.80999755859375,69.4000015258789,68.19000244140625,68.76000213623047,351367
358,2021-06-04,69.62000274658203,69.76000213623047,68.33000183105469,68.91000366210938,326250
359,2021-06-07,69.2300033569336,70.0,68.93000030517578,69.5199966430664,365621
360,2021-06-08,70.05000305175781,70.2699966430664,68.47000122070312,69.29000091552734,441302
361,2021-06-09,69.95999908447266,70.62000274658203,69.45999908447266,70.01000213623047,410820
362,2021-06-10,70.29000091552734,70.6500015258789,68.68000030517578,69.76000213623047,492464
363,2021-06-11,70.91000366210938,71.23999786376953,69.68000030517578,70.0999984741211,563575
364,2021-06-14,70.87999725341797,71.77999877929688,70.6500015258789,70.6500015258789,319639
365,2021-06-15,72.12000274658203,72.48999786376953,70.80999755859375,71.16000366210938,336035
366,2021-06-16,72.1500015258789,72.98999786376953,71.61000061035156,72.44999694824219,426775
367,2021-06-17,71.04000091552734,72.30000305175781,69.7699966430664,71.6500015258789,373780
368,2021-06-18,71.63999938964844,72.16999816894531,70.16000366210938,71.0999984741211,139584
369,2021-06-21,73.66000366210938,73.95999908447266,71.1500015258789,71.5199966430664,123662
370,2021-06-22,73.05999755859375,73.94999694824219,72.94000244140625,73.41000366210938,498555
371,2021-06-23,73.08000183105469,74.25,72.81999969482422,72.91000366210938,429207
372,2021-06-24,73.30000305175781,73.61000061035156,72.31999969482422,73.27999877929688,334833
373,2021-06-25,74.05000305175781,74.18000030517578,72.8499984741211,73.31999969482422,364721
374,2021-06-28,72.91000366210938,74.44999694824219,72.62000274658203,73.98999786376953,354701
375,2021-06-29,72.9800033569336,73.80999755859375,71.97000122070312,72.77999877929688,321448
376,2021-06-30,73.47000122070312,74.13999938964844,72.81999969482422,73.47000122070312,383626
377,2021-07-01,75.2300033569336,76.22000122070312,73.38999938964844,73.5,615678
378,2021-07-02,75.16000366210938,75.62000274658203,74.41000366210938,75.0199966430664,377531
379,2021-07-06,73.37000274658203,76.9800033569336,72.94000244140625,75.3499984741211,714044
380,2021-07-07,72.19999694824219,74.86000061035156,71.06999969482422,73.8499984741211,607971
381,2021-07-08,72.94000244140625,73.26000213623047,70.76000213623047,72.16999816894531,529690
382,2021-07-09,74.55999755859375,74.76000213623047,72.72000122070312,73.26000213623047,422154
383,2021-07-12,74.0999984741211,74.93000030517578,73.16000366210938,74.73999786376953,397931
384,2021-07-13,75.25,75.5199966430664,73.68000030517578,74.18000030517578,444078
385,2021-07-14,73.12999725341797,75.44000244140625,72.20999908447266,75.16999816894531,528360
386,2021-07-15,71.6500015258789,72.95999908447266,71.4000015258789,72.95999908447266,368679
387,2021-07-16,71.80999755859375,72.30000305175781,70.41000366210938,71.4800033569336,133926
388,2021-07-19,66.41999816894531,71.66999816894531,65.62999725341797,71.48999786376953,82565
389,2021-07-20,67.41999816894531,67.6500015258789,65.20999908447266,66.5999984741211,561629
390,2021-07-21,70.30000305175781,70.51000213623047,66.44000244140625,66.44999694824219,503030
391,2021-07-22,71.91000366210938,72.02999877929688,69.86000061035156,70.22000122070312,435181
392,2021-07-23,72.06999969482422,72.20999908447266,71.38999938964844,71.70999908447266,274778
393,2021-07-26,71.91000366210938,72.43000030517578,70.55999755859375,72.18000030517578,395743
394,2021-07-27,71.6500015258789,72.33000183105469,71.08000183105469,72.22000122070312,333123
395,2021-07-28,72.38999938964844,72.5999984741211,71.69999694824219,71.9000015258789,318911
396,2021-07-29,73.62000274658203,73.68000030517578,72.26000213623047,72.4000015258789,294462
397,2021-07-30,73.94999694824219,74.2300033569336,72.93000030517578,73.41000366210938,303700
398,2021-08-02,71.26000213623047,73.94999694824219,70.55000305175781,73.91000366210938,448200
399,2021-08-03,70.55999755859375,71.95999908447266,69.19000244140625,71.5199966430664,509938
400,2021-08-04,68.1500015258789,70.80999755859375,67.8499984741211,70.31999969482422,582924
401,2021-08-05,69.08999633789062,69.3499984741211,67.61000061035156,68.05999755859375,416331
402,2021-08-06,68.27999877929688,70.18000030517578,67.80000305175781,69.13999938964844,537136
403,2021-08-09,66.4800033569336,67.9000015258789,65.1500015258789,67.87999725341797,598381
404,2021-08-10,68.29000091552734,68.9000015258789,66.55999755859375,66.8499984741211,452126
405,2021-08-11,69.25,69.44999694824219,66.66999816894531,68.51000213623047,513292
406,2021-08-12,69.08999633789062,69.62000274658203,68.45999908447266,69.36000061035156,352465
407,2021-08-13,68.44000244140625,69.22000122070312,67.7699966430664,68.91000366210938,272033
408,2021-08-16,67.29000091552734,68.13999938964844,65.7300033569336,68.12999725341797,334844
409,2021-08-17,66.58999633789062,67.72000122070312,66.33000183105469,67.43000030517578,235303
410,2021-08-18,65.45999908447266,67.4800033569336,64.33999633789062,66.58000183105469,121197
411,2021-08-19,63.689998626708984,64.76000213623047,62.630001068115234,64.58000183105469,88237
412,2021-08-20,62.31999969482422,64.0999984741211,62.11000061035156,64.05000305175781,365009
413,2021-08-23,65.63999938964844,66.0,61.7400016784668,61.959999084472656,397290
414,2021-08-24,67.54000091552734,67.80000305175781,65.41000366210938,65.54000091552734,335888
415,2021-08-25,68.36000061035156,68.54000091552734,66.91999816894531,67.62999725341797,353742
416,2021-08-26,67.41999816894531,68.30999755859375,67.0199966430664,68.0,344286
417,2021-08-27,68.73999786376953,69.05000305175781,67.5199966430664,67.75,326056
418,2021-08-30,69.20999908447266,69.63999938964844,67.66999816894531,69.30000305175781,360797
419,2021-08-31,68.5,69.33999633789062,68.16000366210938,69.18000030517578,325853
420,2021-09-01,68.58999633789062,69.23999786376953,67.12000274658203,68.55000305175781,399497
421,2021-09-02,69.98999786376953,70.61000061035156,67.83999633789062,68.29000091552734,403314
422,2021-09-03,69.29000091552734,70.52999877929688,69.05000305175781,69.76000213623047,313086
423,2021-09-07,68.3499984741211,69.4800033569336,67.63999938964844,69.11000061035156,481704
424,2021-09-08,69.30000305175781,69.75,68.30999755859375,68.37000274658203,389325
425,2021-09-09,68.13999938964844,69.88999938964844,67.55999755859375,69.36000061035156,556451
426,2021-09-10,69.72000122070312,69.95999908447266,67.68000030517578,67.97000122070312,411079
427,2021-09-13,70.44999694824219,70.97000122070312,69.51000213623047,69.73999786376953,390939
428,2021-09-14,70.45999908447266,71.22000122070312,69.9800033569336,70.63999938964844,414231
429,2021-09-15,72.61000061035156,73.13999938964844,70.6500015258789,70.76000213623047,418665
430,2021-09-16,72.61000061035156,72.98999786376953,71.52999877929688,72.6500015258789,298412
431,2021-09-17,71.97000122070312,72.72000122070312,71.20999908447266,72.62000274658203,119933
432,2021-09-20,70.29000091552734,72.08000183105469,69.86000061035156,71.91999816894531,75837
433,2021-09-21,70.55999755859375,71.62999725341797,69.66999816894531,70.58999633789062,393403
434,2021-09-22,72.2300033569336,72.30000305175781,70.63999938964844,70.8499984741211,381061
435,2021-09-23,73.30000305175781,73.5,71.61000061035156,71.97000122070312,403405
436,2021-09-24,73.9800033569336,74.2699966430664,72.80999755859375,73.23999786376953,350382
437,2021-09-27,75.44999694824219,75.75,74.16000366210938,74.19000244140625,417829
438,2021-09-28,75.29000091552734,76.66999816894531,74.23999786376953,75.43000030517578,476143
439,2021-09-29,74.83000183105469,75.79000091552734,73.73999786376953,74.37999725341797,424193
440,2021-09-30,75.02999877929688,76.06999969482422,73.13999938964844,74.77999877929688,583189
441,2021-10-01,75.87999725341797,75.98999786376953,74.2300033569336,75.12000274658203,388996
442,2021-10-04,77.62000274658203,78.37999725341797,75.31999969482422,75.9000015258789,458006
443,2021-10-05,78.93000030517578,79.4800033569336,77.47000122070312,77.58000183105469,449617
444,2021-10-06,77.43000030517578,79.77999877929688,76.83000183105469,79.04000091552734,459055
445,2021-10-07,78.30000305175781,78.88999938964844,74.95999908447266,77.0,545008
446,2021-10-08,79.3499984741211,80.11000061035156,78.62999725341797,78.86000061035156,662010
447,2021-10-11,80.5199966430664,82.18000030517578,79.55000305175781,79.58999633789062,653756
448,2021-10-12,80.63999938964844,81.62000274658203,79.47000122070312,80.5,598181
449,2021-10-13,80.44000244140625,81.04000091552734,79.41999816894531,80.58000183105469,487220
450,2021-10-14,81.30999755859375,81.68000030517578,80.37999725341797,80.58999633789062,399813
451,2021-10-15,82.27999877929688,82.66000366210938,81.38999938964844,81.4800033569336,277953
452,2021-10-18,82.44000244140625,83.87000274658203,81.83999633789062,82.5999984741211,134098
453,2021-10-19,82.95999908447266,83.73999786376953,81.80000305175781,82.37000274658203,82607
454,2021-10-20,83.87000274658203,84.25,81.30000305175781,83.33999633789062,530693
455,2021-10-21,82.5,83.95999908447266,80.79000091552734,83.58000183105469,567503
456,2021-10-22,83.76000213623047,84.22000122070312,81.76000213623047,82.61000061035156,465355
457,2021-10-25,83.76000213623047,85.41000366210938,83.38999938964844,83.9800033569336,568725
458,2021-10-26,84.6500015258789,84.87999725341797,82.97000122070312,83.72000122070312,467716
459,2021-10-27,82.66000366210938,84.51000213623047,82.01000213623047,84.38999938964844,529952
460,2021-10-28,82.80999755859375,83.20999908447266,80.58000183105469,82.25,491585
461,2021-10-29,83.56999969482422,83.73999786376953,81.41000366210938,83.08999633789062,507309
462,2021-11-01,84.05000305175781,84.87999725341797,82.73999786376953,83.36000061035156,412309
463,2021-11-02,83.91000366210938,84.41000366210938,82.91999816894531,83.87000274658203,429608
464,2021-11-03,80.86000061035156,83.08000183105469,79.69000244140625,83.06999969482422,546577
465,2021-11-04,78.80999755859375,83.41999816894531,78.25,80.18000030517578,701119
466,2021-11-05,81.2699966430664,81.80000305175781,78.95999908447266,79.37000274658203,531054
467,2021-11-08,81.93000030517578,82.66999816894531,81.05000305175781,81.12999725341797,393953
468,2021-11-09,84.1500015258789,84.62999725341797,81.77999877929688,82.16000366210938,504832
469,2021-11-10,81.33999633789062,84.97000122070312,80.80999755859375,84.52999877929688,555215
470,2021-11-11,81.58999633789062,82.33000183105469,80.19999694824219,81.41000366210938,475436
471,2021-11-12,80.79000091552734,81.62000274658203,79.77999877929688,81.20999908447266,390304
472,2021-11-15,80.87999725341797,81.19999694824219,79.30000305175781,80.66000366210938,343484
473,2021-11-16,80.76000213623047,81.80999755859375,80.02999877929688,80.93000030517578,325668
474,2021-11-17,78.36000061035156,80.69000244140625,77.69000244140625,80.54000091552734,174471
475,2021-11-18,79.01000213623047,79.36000061035156,77.08000183105469,78.33999633789062,83984
476,2021-11-19,76.0999984741211,79.91999816894531,75.37000274658203,78.76000213623047,623448
477,2021-11-22,76.75,77.16000366210938,74.76000213623047,75.75,465768
478,2021-11-23,78.5,78.86000061035156,75.30000305175781,76.45999908447266,506987
479,2021-11-24,78.38999938964844,79.2300033569336,77.9800033569336,78.4800033569336,328848
480,2021-11-26,68.1500015258789,78.6500015258789,67.4000015258789,78.33999633789062,844630
481,2021-11-29,69.94999694824219,72.93000030517578,68.86000061035156,69.2300033569336,675090
482,2021-11-30,66.18000030517578,71.22000122070312,64.43000030517578,70.04000091552734,722475
483,2021-12-01,65.56999969482422,69.48999786376953,64.83999633789062,67.01000213623047,602447
484,2021-12-02,66.5,67.48999786376953,62.43000030517578,65.62999725341797,668293
485,2021-12-03,66.26000213623047,69.22000122070312,65.5999984741211,67.5,449974
486,2021-12-06,69.48999786376953,70.1500015258789,66.72000122070312,67.0199966430664,401060
487,2021-12-07,72.05000305175781,73.02999877929688,69.5199966430664,69.72000122070312,496528
488,2021-12-08,72.36000061035156,73.0,70.91000366210938,71.86000061035156,464846
489,2021-12-09,70.94000244140625,73.33999633789062,70.38999938964844,72.5199966430664,393205
490,2021-12-10,71.66999816894531,72.33000183105469,70.31999969482422,70.68000030517578,397883
491,2021-12-13,71.29000091552734,73.0,70.70999908447266,72.04000091552734,406604
492,2021-12-14,70.7300033569336,72.02999877929688,69.51000213623047,71.12000274658203,359454
493,2021-12-15,70.87000274658203,71.66000366210938,69.38999938964844,70.3499984741211,294337
494,2021-12-16,72.37999725341797,72.98999786376953,71.02999877929688,71.4800033569336,142541
495,2021-12-17,70.86000061035156,72.26000213623047,69.88999938964844,71.91999816894531,78125
496,2021-12-20,68.2300033569336,70.06999969482422,66.04000091552734,70.06999969482422,492217
497,2021-12-21,71.12000274658203,71.55000305175781,68.55999755859375,69.20999908447266,358779
498,2021-12-22,72.76000213623047,73.16000366210938,70.80000305175781,71.2699966430664,306709
499,2021-12-23,73.79000091552734,73.94999694824219,72.2699966430664,73.02999877929688,270223
500,2021-12-27,75.56999969482422,76.08999633789062,72.56999969482422,73.37999725341797,268490
501,2021-12-28,75.9800033569336,76.91999816894531,75.52999877929688,75.97000122070312,249728
502,2021-12-29,76.55999755859375,77.37000274658203,75.36000061035156,76.04000091552734,283557
503,2021-12-30,76.98999786376953,77.44000244140625,75.77999877929688,76.58000183105469,231163
504,2021-12-31,75.20999908447266,77.08000183105469,74.94999694824219,76.66000366210938,237118
505,2022-01-03,76.08000183105469,76.45999908447266,74.2699966430664,75.69000244140625,317628
506,2022-01-04,76.98999786376953,77.63999938964844,75.69999694824219,76.0199966430664,372848
507,2022-01-05,77.8499984741211,78.58000183105469,76.51000213623047,77.18000030517578,397898
508,2022-01-06,79.45999908447266,80.23999786376953,76.7300033569336,77.23999786376953,476665
509,2022-01-07,78.9000015258789,80.47000122070312,78.5199966430664,79.62000274658203,414434
510,2022-01-10,78.2300033569336,79.44999694824219,77.83000183105469,78.87999725341797,389956
511,2022-01-11,81.22000122070312,81.58999633789062,78.36000061035156,78.41999816894531,481815
512,2022-01-12,82.63999938964844,83.0999984741211,81.16999816894531,81.37999725341797,420619
513,2022-01-13,82.12000274658203,82.94000244140625,81.38999938964844,82.81999969482422,364769
514,2022-01-14,83.81999969482422,84.44999694824219,81.58000183105469,81.7300033569336,364442
515,2022-01-18,85.43000030517578,86.62999725341797,83.5,84.31999969482422,163643
516,2022-01-19,86.95999908447266,87.91000366210938,85.7699966430664,86.61000061035156,113153
517,2022-01-20,86.9000015258789,87.81999969482422,86.0,86.2300033569336,532202
518,2022-01-21,85.13999938964844,85.55999755859375,82.77999877929688,84.56999969482422,509103
519,2022-01-24,83.30999755859375,86.08999633789062,81.9000015258789,84.91000366210938,511695
520,2022-01-25,85.5999984741211,85.70999908447266,82.98999786376953,84.1500015258789,507219
521,2022-01-26,87.3499984741211,87.94999694824219,85.01000213623047,85.26000213623047,459642
522,2022-01-27,86.61000061035156,88.54000091552734,86.19999694824219,87.1500015258789,427804
523,2022-01-28,86.81999969482422,88.83999633789062,86.44000244140625,87.5,436172
524,2022-01-31,88.1500015258789,88.38999938964844,86.33999633789062,87.44999694824219,359080
525,2022-02-01,88.19999694824219,88.87000274658203,86.55000305175781,88.1500015258789,376841
526,2022-02-02,88.26000213623047,89.72000122070312,87.0999984741211,88.3499984741211,456863
527,2022-02-03,90.2699966430664,90.44999694824219,86.75,87.9800033569336,465771
528,2022-02-04,92.30999755859375,93.16999816894531,90.06999969482422,90.19000244140625,410926
529,2022-02-07,91.31999969482422,92.7300033569336,90.7300033569336,91.81999969482422,497754
530,2022-02-08,89.36000061035156,91.68000030517578,88.51000213623047,91.63999938964844,467386
531,2022-02-09,89.66000366210938,90.58000183105469,88.41000366210938,89.86000061035156,445618
532,2022-02-10,89.87999725341797,91.73999786376953,89.02999877929688,90.01000213623047,492091
533,2022-02-11,93.0999984741211,94.66000366210938,89.19000244140625,90.0,554423
534,2022-02-14,95.45999908447266,95.81999969482422,92.08999633789062,93.91000366210938,467071
535,2022-02-15,92.06999969482422,95.16999816894531,90.66000366210938,94.83000183105469,442641
536,2022-02-16,93.66000366210938,95.01000213623047,90.0,92.20999908447266,401453
537,2022-02-17,91.76000213623047,93.36000061035156,90.62000274658203,90.9000015258789,212552
538,2022-02-18,91.06999969482422,92.66000366210938,89.02999877929688,91.62999725341797,150382
539,2022-02-22,92.3499984741211,96.0,90.3499984741211,91.75,789041
540,2022-02-23,92.0999984741211,93.9000015258789,90.63999938964844,91.73999786376953,440574
541,2022-02-24,92.80999755859375,100.54000091552734,91.44999694824219,92.5199966430664,872244
542,2022-02-25,91.58999633789062,95.63999938964844,90.05999755859375,93.31999969482422,523793
543,2022-02-28,95.72000122070312,99.0999984741211,94.43000030517578,94.98999786376953,490796
544,2022-03-01,103.41000366210938,106.77999877929688,95.31999969482422,96.08999633789062,698814
545,2022-03-02,110.5999984741211,112.51000213623047,105.18000030517578,107.12000274658203,651853
546,2022-03-03,107.66999816894531,116.56999969482422,106.43000030517578,111.33000183105469,592031
547,2022-03-04,115.68000030517578,116.0199966430664,107.25,107.95999908447266,493875
548,2022-03-07,119.4000015258789,130.5,115.54000091552734,121.33000183105469,576022
549,2022-03-08,123.69999694824219,129.44000244140625,117.06999969482422,120.66999816894531,583106
550,2022-03-09,108.69999694824219,126.83999633789062,103.62999725341797,124.66000366210938,594773
551,2022-03-10,106.0199966430664,114.87999725341797,105.52999877929688,110.41000366210938,437924
552,2022-03-11,109.33000183105469,110.29000091552734,104.4800033569336,105.98999786376953,368194
553,2022-03-14,103.01000213623047,109.72000122070312,99.76000213623047,109.41999816894531,344184
554,2022-03-15,96.44000244140625,102.58000183105469,93.52999877929688,102.27999877929688,401690
555,2022-03-16,95.04000091552734,99.22000122070312,94.06999969482422,95.2300033569336,293947
556,2022-03-17,102.9800033569336,104.23999786376953,94.8499984741211,95.33999633789062,210763
557,2022-03-18,104.69999694824219,106.27999877929688,102.30000305175781,103.62000274658203,74247
558,2022-03-21,112.12000274658203,112.69000244140625,104.08000183105469,105.12999725341797,77217
559,2022-03-22,111.76000213623047,115.01000213623047,109.30000305175781,112.9000015258789,318629
560,2022-03-23,114.93000030517578,115.4000015258789,108.37999725341797,108.8499984741211,289182
561,2022-03-24,112.33999633789062,116.63999938964844,110.61000061035156,114.47000122070312,307238
562,2022-03-25,113.9000015258789,114.12000274658203,108.68000030517578,111.75,320304
563,2022-03-28,105.95999908447266,112.93000030517578,102.83000183105469,112.91999816894531,372251
564,2022-03-29,104.23999786376953,107.83999633789062,98.44000244140625,103.47000122070312,387200
565,2022-03-30,107.81999969482422,108.75,104.55000305175781,105.23999786376953,284544
566,2022-03-31,100.27999877929688,107.80000305175781,99.66000366210938,107.44999694824219,450845
567,2022-04-01,99.2699966430664,101.75,97.77999877929688,101.2300033569336,324777
568,2022-04-04,103.27999877929688,103.94000244140625,98.05000305175781,98.94999694824219,288131
569,2022-04-05,101.95999908447266,105.58999633789062,99.87999725341797,103.66000366210938,280283
570,2022-04-06,96.2300033569336,104.0199966430664,95.7300033569336,101.23999786376953,366036
571,2022-04-07,96.02999877929688,98.81999969482422,93.80999755859375,97.16000366210938,367318
572,2022-04-08,98.26000213623047,98.76000213623047,95.29000091552734,97.16999816894531,310082
573,2022-04-11,94.29000091552734,98.5199966430664,92.93000030517578,98.4000015258789,315873
574,2022-04-12,100.5999984741211,101.3499984741211,94.83999633789062,95.16999816894531,329037
575,2022-04-13,104.25,104.47000122070312,99.87000274658203,100.91000366210938,312502
576,2022-04-14,106.94999694824219,107.63999938964844,102.12000274658203,104.19999694824219,244952
577,2022-04-18,108.20999908447266,109.80999755859375,106.0,107.02999877929688,68489
578,2022-04-19,102.55999755859375,108.91999816894531,102.0999984741211,107.75,71792
579,2022-04-20,102.75,104.16000366210938,100.69999694824219,103.05000305175781,299028
580,2022-04-21,103.79000091552734,105.41999816894531,102.01000213623047,102.5,280321
581,2022-04-22,102.06999969482422,104.22000122070312,101.05999755859375,104.06999969482422,246116
582,2022-04-25,98.54000091552734,101.55000305175781,95.27999877929688,101.37999725341797,328153
583,2022-04-26,101.69999694824219,102.77999877929688,97.05999755859375,98.63999938964844,351850
584,2022-04-27,102.0199966430664,102.98999786376953,99.80000305175781,101.76000213623047,278781
585,2022-04-28,105.36000061035156,105.68000030517578,100.12999725341797,102.11000061035156,312064
586,2022-04-29,104.69000244140625,107.98999786376953,103.77999877929688,105.16999816894531,294386
587,2022-05-02,105.16999816894531,105.94000244140625,100.27999877929688,104.0,261878
588,2022-05-03,102.41000366210938,105.80000305175781,102.0999984741211,105.08000183105469,239266
589,2022-05-04,107.80999755859375,108.61000061035156,102.94999694824219,103.5,272909
590,2022-05-05,108.26000213623047,111.37000274658203,106.44999694824219,107.58000183105469,286916
591,2022-05-06,109.7699966430664,111.18000030517578,107.23999786376953,108.69999694824219,294278
592,2022-05-09,103.08999633789062,110.48999786376953,102.12999725341797,110.43000030517578,368183
593,2022-05-10,99.76000213623047,104.16000366210938,98.86000061035156,102.6500015258789,389750
594,2022-05-11,105.70999908447266,106.44000244140625,98.19999694824219,99.0,382701
595,2022-05-12,106.12999725341797,107.37000274658203,102.66000366210938,105.62999725341797,323547
596,2022-05-13,110.48999786376953,110.63999938964844,106.29000091552734,106.6500015258789,240989
597,2022-05-16,114.19999694824219,114.9000015258789,108.11000061035156,110.9800033569336,289127
598,2022-05-17,112.4000015258789,115.55999755859375,111.75,113.87000274658203,252630
599,2022-05-18,109.58999633789062,115.41999816894531,108.45999908447266,113.66000366210938,103669
600,2022-05-19,112.20999908447266,112.62000274658203,105.12999725341797,109.08999633789062,68511
601,2022-05-20,113.2300033569336,114.04000091552734,110.8499984741211,111.44999694824219,229930
602,2022-05-23,110.29000091552734,111.95999908447266,109.1500015258789,110.55999755859375,215623
603,2022-05-24,109.7699966430664,111.43000030517578,108.61000061035156,110.41000366210938,224794
604,2022-05-25,110.33000183105469,111.68000030517578,109.2300033569336,110.38999938964844,191370
605,2022-05-26,114.08999633789062,114.83000183105469,110.2699966430664,110.69000244140625,234752
606,2022-05-27,115.06999969482422,115.30000305175781,112.8499984741211,114.19999694824219,217281
607,2022-05-31,114.66999816894531,119.9800033569336,114.1500015258789,114.95999908447266,440796
608,2022-06-01,115.26000213623047,117.87000274658203,114.58000183105469,115.4000015258789,290530
609,2022-06-02,116.87000274658203,117.7699966430664,111.19999694824219,114.80000305175781,327600
610,2022-06-03,118.87000274658203,120.45999908447266,115.2300033569336,117.55000305175781,240831
611,2022-06-06,118.5,120.98999786376953,117.62999725341797,120.81999969482422,246825
612,2022-06-07,119.41000366210938,120.36000061035156,117.13999938964844,119.0999984741211,341694
613,2022-06-08,122.11000061035156,123.18000030517578,119.30000305175781,119.79000091552734,340591
614,2022-06-09,121.51000213623047,122.72000122070312,120.79000091552734,122.43000030517578,293295
615,2022-06-10,120.66999816894531,122.75,118.33000183105469,121.45999908447266,352906
616,2022-06-13,120.93000030517578,122.25,117.47000122070312,120.19000244140625,372403
617,2022-06-14,118.93000030517578,123.68000030517578,116.62000274658203,121.08999633789062,366320
618,2022-06-15,115.30999755859375,119.61000061035156,114.5999984741211,119.06999969482422,301750
619,2022-06-16,117.58999633789062,118.08000183105469,112.30999755859375,115.9800033569336,162543
620,2022-06-17,109.55999755859375,118.97000122070312,108.25,117.08000183105469,103149
621,2022-06-21,110.6500015258789,112.47000122070312,108.72000122070312,110.58000183105469,427262
622,2022-06-22,106.19000244140625,109.76000213623047,101.52999877929688,109.54000091552734,432724
623,2022-06-23,104.2699966430664,107.05000305175781,102.31999969482422,104.41999816894531,346362
624,2022-06-24,107.62000274658203,108.58000183105469,103.63999938964844,103.98999786376953,321591
625,2022-06-27,109.56999969482422,110.54000091552734,105.5999984741211,107.22000122070312,282914
626,2022-06-28,111.76000213623047,112.22000122070312,109.62000274658203,110.18000030517578,306748
627,2022-06-29,109.77999877929688,114.05000305175781,109.22000122070312,111.86000061035156,322060
628,2022-06-30,105.76000213623047,110.44999694824219,105.0999984741211,109.69999694824219,362890
629,2022-07-01,108.43000030517578,109.33999633789062,104.55999755859375,106.01000213623047,305338
630,2022-07-05,99.5,111.44999694824219,97.43000030517578,108.80000305175781,594215
631,2022-07-06,98.52999877929688,102.13999938964844,95.0999984741211,100.36000061035156,444106
632,2022-07-07,102.7300033569336,104.4800033569336,96.56999969482422,98.22000122070312,379861
633,2022-07-08,104.79000091552734,105.23999786376953,101.51000213623047,102.22000122070312,327461
634,2022-07-11,104.08999633789062,105.05000305175781,100.88999938964844,104.79000091552734,348566
635,2022-07-12,95.83999633789062,103.48999786376953,95.3499984741211,103.45999908447266,398552
636,2022-07-13,96.30000305175781,97.95999908447266,93.66999816894531,95.88999938964844,347193
637,2022-07-14,95.77999877929688,97.0,90.55999755859375,96.56999969482422,387528
638,2022-07-15,97.58999633789062,99.02999877929688,94.56999969482422,96.38999938964844,240766
639,2022-07-18,102.5999984741211,102.80000305175781,95.8499984741211,97.2699966430664,84669
640,2022-07-19,104.22000122070312,104.45999908447266,99.8499984741211,102.0,63149
641,2022-07-20,102.26000213623047,104.38999938964844,101.51000213623047,103.5999984741211,315620
642,2022-07-21,96.3499984741211,99.98999786376953,94.58999633789062,99.91000366210938,318911
643,2022-07-22,94.69999694824219,97.94999694824219,94.2300033569336,96.51000213623047,307568
644,2022-07-25,96.69999694824219,96.94000244140625,93.01000213623047,95.0999984741211,278998
645,2022-07-26,94.9800033569336,99.0,94.76000213623047,96.33000183105469,310043
646,2022-07-27,97.26000213623047,98.58999633789062,94.30000305175781,95.5999984741211,321903
647,2022-07-28,96.41999816894531,99.83999633789062,96.04000091552734,98.16999816894531,318403
648,2022-07-29,98.62000274658203,101.87999725341797,96.41000366210938,97.30000305175781,349374
649,2022-08-01,93.88999938964844,98.6500015258789,92.41999816894531,98.45999908447266,365293
650,2022-08-02,94.41999816894531,96.47000122070312,92.58999633789062,93.75,328538
651,2022-08-03,90.66000366210938,96.56999969482422,90.37999725341797,93.83000183105469,395099
652,2022-08-04,88.54000091552734,91.9000015258789,87.55000305175781,90.94999694824219,334931
653,2022-08-05,89.01000213623047,90.76000213623047,87.01000213623047,88.05999755859375,350016
654,2022-08-08,90.76000213623047,90.88999938964844,87.22000122070312,88.45999908447266,340157
655,2022-08-09,90.5,92.6500015258789,89.05000305175781,90.69000244140625,347045
656,2022-08-10,91.93000030517578,92.43000030517578,87.66000366210938,90.51000213623047,383766
657,2022-08-11,94.33999633789062,95.05000305175781,91.23999786376953,91.55000305175781,341234
658,2022-08-12,92.08999633789062,94.80999755859375,91.16000366210938,94.08999633789062,264953
659,2022-08-15,89.41000366210938,92.0999984741211,86.81999969482422,91.94000244140625,275443
660,2022-08-16,86.52999877929688,90.6500015258789,85.7300033569336,87.93000030517578,305366
661,2022-08-17,88.11000061035156,89.16000366210938,85.87999725341797,87.0999984741211,230346
662,2022-08-18,90.5,91.45999908447266,87.31999969482422,87.38999938964844,80029
663,2022-08-19,90.7699966430664,92.08999633789062,88.37999725341797,90.38999938964844,58714
664,2022-08-22,90.2300033569336,91.26000213623047,86.5999984741211,89.6500015258789,352665
665,2022-08-23,93.73999786376953,94.22000122070312,90.41999816894531,90.55000305175781,285607
666,2022-08-24,94.88999938964844,95.4000015258789,92.79000091552734,93.77999877929688,320388
667,2022-08-25,92.5199966430664,95.76000213623047,92.29000091552734,95.3499984741211,279877
668,2022-08-26,93.05999755859375,94.0199966430664,91.08000183105469,93.05999755859375,288392
669,2022-08-29,97.01000213623047,97.37000274658203,92.29000091552734,92.95999908447266,283463
670,2022-08-30,91.63999938964844,97.66000366210938,90.54000091552734,96.9000015258789,386272
671,2022-08-31,89.55000305175781,92.7300033569336,88.2699966430664,92.30999755859375,344147
672,2022-09-01,86.61000061035156,89.62999725341797,85.9800033569336,88.83000183105469,305106
673,2022-09-02,86.87000274658203,89.66000366210938,86.3499984741211,86.55999755859375,277533
674,2022-09-06,86.87999725341797,90.38999938964844,86.18000030517578,86.83999633789062,420255
675,2022-09-07,81.94000244140625,87.76000213623047,81.5,86.93000030517578,380781
676,2022-09-08,83.54000091552734,84.25,81.19999694824219,81.91000366210938,342763
677,2022-09-09,86.79000091552734,87.19999694824219,82.70999908447266,82.80000305175781,305188
678,2022-09-12,87.77999877929688,89.0999984741211,85.16000366210938,86.25,275104
679,2022-09-13,87.30999755859375,89.30999755859375,85.05999755859375,88.08999633789062,347998
680,2022-09-14,88.4800033569336,90.19000244140625,86.18000030517578,87.94000244140625,335381
681,2022-09-15,85.0999984741211,89.1500015258789,84.52999877929688,88.91000366210938,235358
682,2022-09-16,85.11000061035156,86.58999633789062,84.2699966430664,85.16000366210938,87829
683,2022-09-19,85.7300033569336,86.22000122070312,82.0999984741211,85.20999908447266,59626
684,2022-09-20,84.44999694824219,86.44999694824219,83.5199966430664,85.61000061035156,279813
685,2022-09-21,82.94000244140625,86.68000030517578,82.48999786376953,84.25,339683
686,2022-09-22,83.48999786376953,86.0,82.4000015258789,83.06999969482422,303492
687,2022-09-23,78.73999786376953,83.91999816894531,78.04000091552734,83.54000091552734,334271
688,2022-09-26,76.70999908447266,80.30999755859375,76.25,79.2300033569336,280927
689,2022-09-27,78.5,79.51000213623047,76.41999816894531,76.47000122070312,283614
690,2022-09-28,82.1500015258789,82.33999633789062,76.55000305175781,78.08000183105469,324678
691,2022-09-29,81.2300033569336,82.94000244140625,80.33999633789062,81.9000015258789,286126
692,2022-09-30,79.48999786376953,82.55999755859375,79.13999938964844,81.73999786376953,253154
693,2022-10-03,83.62999725341797,84.55999755859375,80.87000274658203,81.0199966430664,287168
694,2022-10-04,86.5199966430664,86.9800033569336,83.22000122070312,83.22000122070312,302549
695,2022-10-05,87.76000213623047,88.41999816894531,85.41999816894531,86.37000274658203,329790
696,2022-10-06,88.44999694824219,89.06999969482422,87.04000091552734,88.08000183105469,235296
697,2022-10-07,92.63999938964844,93.30999755859375,88.0,88.93000030517578,429162
698,2022-10-10,91.12999725341797,93.63999938964844,90.54000091552734,93.4800033569336,289508
699,2022-10-11,89.3499984741211,91.3499984741211,87.91000366210938,91.13999938964844,333158
700,2022-10-12,87.2699966430664,90.06999969482422,86.27999877929688,88.66999816894531,332271
701,2022-10-13,89.11000061035156,89.66000366210938,85.55999755859375,87.08000183105469,298032
702,2022-10-14,85.61000061035156,89.7300033569336,85.19999694824219,89.2699966430664,237026
703,2022-10-17,85.45999908447266,87.12000274658203,84.61000061035156,85.58999633789062,172020
704,2022-10-18,82.81999969482422,86.51000213623047,82.08999633789062,85.69999694824219,97304
705,2022-10-19,85.55000305175781,86.19999694824219,82.58999633789062,83.69000244140625,71309
706,2022-10-20,85.9800033569336,88.16999816894531,85.22000122070312,85.94000244140625,338344
707,2022-10-21,85.05000305175781,85.9000015258789,83.1500015258789,85.06999969482422,272803
708,2022-10-24,84.58000183105469,85.91999816894531,82.62999725341797,85.23999786376953,250726
709,2022-10-25,85.31999969482422,86.02999877929688,83.05999755859375,84.87999725341797,240441
710,2022-10-26,87.91000366210938,88.41000366210938,84.13999938964844,85.06999969482422,287182
711,2022-10-27,89.08000183105469,89.79000091552734,87.33000183105469,88.26000213623047,292556
712,2022-10-28,87.9000015258789,88.76000213623047,87.08000183105469,88.66999816894531,263404
713,2022-10-31,86.52999877929688,88.6500015258789,85.30000305175781,88.38999938964844,285342
714,2022-11-01,88.37000274658203,89.44999694824219,85.91999816894531,86.43000030517578,274321
715,2022-11-02,90.0,90.36000061035156,87.72000122070312,88.62000274658203,280961
716,2022-11-03,88.16999816894531,89.66999816894531,87.5999984741211,89.3499984741211,239816
717,2022-11-04,92.61000061035156,92.87000274658203,87.81999969482422,87.9000015258789,354060
718,2022-11-07,91.79000091552734,93.73999786376953,90.4000015258789,91.0,322419
719,2022-11-08,88.91000366210938,92.16999816894531,88.5199966430664,91.87000274658203,344223
720,2022-11-09,85.83000183105469,89.23999786376953,85.5,88.56999969482422,388301
721,2022-11-10,86.47000122070312,87.3499984741211,84.69999694824219,85.8499984741211,340007
722,2022-11-11,88.95999908447266,90.0999984741211,86.18000030517578,86.2699966430664,301664
723,2022-11-14,85.87000274658203,89.83999633789062,85.1500015258789,89.0199966430664,315450
724,2022-11-15,86.91999816894531,88.68000030517578,84.05999755859375,85.25,331709
725,2022-11-16,85.58999633789062,87.51000213623047,84.19999694824219,86.88999938964844,225668
726,2022-11-17,81.63999938964844,85.44999694824219,81.4000015258789,85.22000122070312,138476
727,2022-11-18,80.08000183105469,82.63999938964844,77.23999786376953,82.08999633789062,96583
728,2022-11-21,79.7300033569336,80.30000305175781,75.08000183105469,80.30000305175781,475104
729,2022-11-22,80.94999694824219,82.36000061035156,79.8499984741211,80.22000122070312,269615
730,2022-11-23,77.94000244140625,81.94999694824219,76.83000183105469,81.08000183105469,379145
731,2022-11-25,76.27999877929688,79.9000015258789,76.22000122070312,77.51000213623047,266451
732,2022-11-28,77.23999786376953,77.83999633789062,73.5999984741211,75.93000030517578,405033
733,2022-11-29,78.19999694824219,79.6500015258789,76.29000091552734,76.54000091552734,381869
734,2022-11-30,80.55000305175781,81.37999725341797,78.4000015258789,79.0,287534
735,2022-12-01,81.22000122070312,83.33999633789062,79.93000030517578,80.4000015258789,321432
736,2022-12-02,79.9800033569336,82.22000122070312,79.6500015258789,81.47000122070312,280235
737,2022-12-05,76.93000030517578,82.72000122070312,76.7699966430664,79.98999786376953,346657
738,2022-12-06,74.25,77.87999725341797,73.41000366210938,77.3499984741211,380598
739,2022-12-07,72.01000213623047,75.37999725341797,71.75,74.55000305175781,392236
740,2022-12-08,71.45999908447266,75.44000244140625,71.12000274658203,72.37999725341797,474459
741,2022-12-09,71.0199966430664,72.91999816894531,70.08000183105469,71.8499984741211,356722
742,2022-12-12,73.16999816894531,73.98999786376953,70.25,71.79000091552734,323553
743,2022-12-13,75.38999938964844,76.37000274658203,73.20999908447266,73.29000091552734,352858
744,2022-12-14,77.27999877929688,77.75,74.9000015258789,75.2699966430664,292488
745,2022-12-15,76.11000061035156,77.7699966430664,75.33000183105469,77.37000274658203,224663
746,2022-12-16,74.29000091552734,76.56999969482422,73.33000183105469,76.37000274658203,99205
747,2022-12-19,75.19000244140625,76.41000366210938,73.80999755859375,74.5,69348
748,2022-12-20,76.08999633789062,76.75,74.30999755859375,75.69999694824219,254792
749,2022-12-21,78.29000091552734,78.61000061035156,75.80000305175781,75.98999786376953,234624
750,2022-12-22,77.48999786376953,79.9000015258789,77.02999877929688,78.43000030517578,219142
751,2022-12-23,79.55999755859375,80.33000183105469,77.9800033569336,78.18000030517578,237711
752,2022-12-27,79.52999877929688,81.18000030517578,79.16000366210938,79.9000015258789,199601
753,2022-12-28,78.95999908447266,79.91999816894531,77.30000305175781,79.88999938964844,207717
754,2022-12-29,78.4000015258789,78.81999969482422,76.79000091552734,78.81999969482422,199858
755,2022-12-30,80.26000213623047,80.66999816894531,77.70999908447266,78.7300033569336,205909
756,2023-01-03,76.93000030517578,81.5,76.5999984741211,80.56999969482422,338520
757,2023-01-04,72.83999633789062,77.41999816894531,72.7300033569336,77.25,352434
758,2023-01-05,73.66999816894531,74.91999816894531,72.45999908447266,73.25,300731
759,2023-01-06,73.7699966430664,75.47000122070312,73.23999786376953,73.97000122070312,258128
760,2023-01-09,74.62999725341797,76.73999786376953,73.47000122070312,73.47000122070312,329290
761,2023-01-10,75.12000274658203,75.91999816894531,73.83999633789062,74.86000061035156,307430
762,2023-01-11,77.41000366210938,77.83999633789062,74.30999755859375,74.77999877929688,350891
763,2023-01-12,78.38999938964844,79.16000366210938,77.0999984741211,77.69999694824219,307705
764,2023-01-13,79.86000061035156,80.11000061035156,77.97000122070312,78.31999969482422,283539
765,2023-01-17,80.18000030517578,81.2300033569336,78.52999877929688,80.0999984741211,312275
766,2023-01-18,79.4800033569336,82.37999725341797,78.94000244140625,80.97000122070312,92549
767,2023-01-19,80.33000183105469,81.18000030517578,78.12999725341797,79.13999938964844,58863
768,2023-01-20,81.30999755859375,81.63999938964844,79.69000244140625,80.5999984741211,300145
769,2023-01-23,81.62000274658203,82.63999938964844,81.05000305175781,81.79000091552734,297076
770,2023-01-24,80.12999725341797,82.22000122070312,79.66000366210938,81.62000274658203,288207
771,2023-01-25,80.1500015258789,81.2300033569336,79.44999694824219,80.26000213623047,297234
772,2023-01-26,81.01000213623047,82.13999938964844,79.91999816894531,80.4800033569336,291060
773,2023-01-27,79.68000030517578,82.4800033569336,79.04000091552734,81.22000122070312,367588
774,2023-01-30,77.9000015258789,80.48999786376953,77.66000366210938,80.04000091552734,327426
775,2023-01-31,78.87000274658203,79.25,76.55000305175781,77.91000366210938,312734
776,2023-02-01,76.41000366210938,79.7300033569336,76.05000305175781,79.05999755859375,360859
777,2023-02-02,75.87999725341797,77.23999786376953,74.97000122070312,76.79000091552734,339755
778,2023-02-03,73.38999938964844,78.0,73.0999984741211,75.91999816894531,413414
779,2023-02-06,74.11000061035156,74.51000213623047,72.25,73.2300033569336,380028
780,2023-02-07,77.13999938964844,77.5999984741211,74.3499984741211,74.56999969482422,408279
781,2023-02-08,78.47000122070312,78.56999969482422,77.08000183105469,77.48999786376953,353468
782,2023-02-09,78.05999755859375,78.83999633789062,76.5199966430664,78.44999694824219,324156
783,2023-02-10,79.72000122070312,80.33000183105469,77.47000122070312,77.68000030517578,356062
784,2023-02-13,80.13999938964844,80.62000274658203,78.44999694824219,79.94000244140625,301299
785,2023-02-14,79.05999755859375,79.61000061035156,77.45999908447266,79.05999755859375,299938
786,2023-02-15,78.58999633789062,79.1500015258789,77.25,78.83000183105469,264486
787,2023-02-16,78.48999786376953,79.54000091552734,77.91999816894531,78.54000091552734,117600
788,2023-02-17,76.33999633789062,78.25,75.05999755859375,78.06999969482422,93267
789,2023-02-21,76.16000366210938,77.51000213623047,75.69000244140625,76.52999877929688,402351
790,2023-02-22,73.94999694824219,76.55000305175781,73.80000305175781,76.11000061035156,332018
791,2023-02-23,75.38999938964844,75.98999786376953,73.83000183105469,73.91999816894531,333838
792,2023-02-24,76.31999969482422,76.62999725341797,74.08999633789062,75.5999984741211,329254
793,2023-02-27,75.68000030517578,76.81999969482422,74.98999786376953,76.41999816894531,266091
794,2023-02-28,77.05000305175781,77.83000183105469,75.55000305175781,75.76000213623047,300093
795,2023-03-01,77.69000244140625,77.8499984741211,76.12000274658203,76.8499984741211,342121
796,2023-03-02,78.16000366210938,78.58999633789062,77.2300033569336,77.73999786376953,260331
797,2023-03-03,79.68000030517578,79.9000015258789,75.83000183105469,77.88999938964844,374201
798,2023-03-06,80.45999908447266,80.62999725341797,78.31999969482422,79.91999816894531,292351
799,2023-03-07,77.58000183105469,80.94000244140625,77.05999755859375,80.5,398241
800,2023-03-08,76.66000366210938,77.7300033569336,76.11000061035156,77.31999969482422,335930
801,2023-03-09,75.72000122070312,78.05999755859375,75.43000030517578,76.5,349960
802,2023-03-10,76.68000030517578,77.11000061035156,74.7699966430664,75.6500015258789,371834
803,2023-03-13,74.80000305175781,77.47000122070312,72.30000305175781,76.5999984741211,457423
804,2023-03-14,71.33000183105469,74.9000015258789,70.77999877929688,74.69999694824219,432858
805,2023-03-15,67.61000061035156,72.55999755859375,65.6500015258789,71.55999755859375,555164
806,2023-03-16,68.3499984741211,69.37999725341797,65.70999908447266,68.22000122070312,327120
807,2023-03-17,66.73999786376953,69.63999938964844,65.16999816894531,68.26000213623047,152255
808,2023-03-20,67.63999938964844,67.69999694824219,64.12000274658203,66.62000274658203,76873
809,2023-03-21,69.33000183105469,69.5999984741211,66.7699966430664,67.62000274658203,409495
810,2023-03-22,70.9000015258789,71.30999755859375,68.88999938964844,69.4800033569336,337639
811,2023-03-23,69.95999908447266,71.66999816894531,69.13999938964844,69.94999694824219,335241
812,2023-03-24,69.26000213623047,70.37999725341797,66.81999969482422,69.51000213623047,380852
813,2023-03-27,72.80999755859375,73.0999984741211,69.12999725341797,69.41999816894531,353598
814,2023-03-28,73.19999694824219,73.93000030517578,72.19000244140625,72.86000061035156,328472
815,2023-03-29,72.97000122070312,74.37000274658203,72.76000213623047,73.61000061035156,312669
816,2023-03-30,74.37000274658203,74.62999725341797,72.61000061035156,72.9800033569336,269743
817,2023-03-31,75.66999816894531,75.72000122070312,73.7699966430664,74.37000274658203,304361
818,2023-04-03,80.41999816894531,81.69000244140625,79.0,80.0999984741211,547126
819,2023-04-04,80.70999908447266,81.80999755859375,79.61000061035156,80.44000244140625,343570
820,2023-04-05,80.61000061035156,81.23999786376953,79.72000122070312,81.01000213623047,254974
821,2023-04-06,80.69999694824219,80.95999908447266,79.6500015258789,80.37000274658203,0
822,2023-04-10,79.73999786376953,81.22000122070312,79.61000061035156,80.5,264906
823,2023-04-11,81.52999877929688,81.58999633789062,79.37000274658203,79.87999725341797,309683
824,2023-04-12,83.26000213623047,83.52999877929688,81.27999877929688,81.44000244140625,356133
825,2023-04-13,82.16000366210938,83.44000244140625,82.11000061035156,83.22000122070312,261230
826,2023-04-14,82.5199966430664,83.12000274658203,81.76000213623047,82.4000015258789,275129
827,2023-04-17,80.83000183105469,82.70999908447266,80.47000122070312,82.4800033569336,217048
828,2023-04-18,80.86000061035156,81.4800033569336,79.87000274658203,81.0,96290
829,2023-04-19,79.16000366210938,81.18000030517578,78.45999908447266,80.91999816894531,78310
830,2023-04-20,77.29000091552734,78.88999938964844,76.97000122070312,78.87000274658203,361413
831,2023-04-21,77.87000274658203,78.38999938964844,76.72000122070312,77.12999725341797,291114
832,2023-04-24,78.76000213623047,79.18000030517578,76.72000122070312,77.97000122070312,306720
833,2023-04-25,77.06999969482422,79.06999969482422,76.5,78.73999786376953,361646
834,2023-04-26,74.30000305175781,77.93000030517578,74.05000305175781,77.08000183105469,497778
835,2023-04-27,74.76000213623047,75.27999877929688,74.02999877929688,74.37999725341797,345880
836,2023-04-28,76.77999877929688,76.91999816894531,73.93000030517578,74.91000366210938,328399
837,2023-05-01,75.66000366210938,76.69000244140625,74.52999877929688,76.66000366210938,215017
838,2023-05-02,71.66000366210938,76.11000061035156,71.41999816894531,75.76000213623047,417820
839,2023-05-03,68.5999984741211,71.79000091552734,67.94999694824219,71.55999755859375,490523
840,2023-05-04,68.55999755859375,69.83999633789062,63.63999938964844,68.16000366210938,412495
841,2023-05-05,71.33999633789062,71.80999755859375,68.4800033569336,68.69999694824219,330585
842,2023-05-08,73.16000366210938,73.69000244140625,71.04000091552734,71.3499984741211,290076
843,2023-05-09,73.70999908447266,73.77999877929688,71.33999633789062,72.83999633789062,317493
844,2023-05-10,72.55999755859375,73.88999938964844,71.80000305175781,73.58000183105469,351506
845,2023-05-11,70.87000274658203,73.5,70.62999725341797,72.7699966430664,365892
846,2023-05-12,70.04000091552734,71.77999877929688,69.93000030517578,71.41999816894531,275435
847,2023-05-15,71.11000061035156,71.69000244140625,69.41000366210938,70.04000091552734,259013
848,2023-05-16,70.86000061035156,71.79000091552734,70.44999694824219,71.31999969482422,232328
849,2023-05-17,72.83000183105469,73.26000213623047,70.04000091552734,70.5999984741211,273708
850,2023-05-18,71.86000061035156,72.87000274658203,71.41999816894531,72.75,80864
851,2023-05-19,71.55000305175781,73.4000015258789,71.02999877929688,71.94000244140625,69949
852,2023-05-22,71.98999786376953,72.36000061035156,70.55000305175781,71.69999694824219,263977
853,2023-05-23,72.91000366210938,73.79000091552734,71.70999908447266,72.0999984741211,317586
854,2023-05-24,74.33999633789062,74.7300033569336,73.12999725341797,73.7699966430664,386611
855,2023-05-25,71.83000183105469,74.37000274658203,70.9800033569336,74.20999908447266,422637
856,2023-05-26,72.66999816894531,73.05000305175781,71.48999786376953,71.88999938964844,261498
857,2023-05-30,69.45999908447266,73.55000305175781,69.0199966430664,73.2300033569336,440862
858,2023-05-31,68.08999633789062,69.69000244140625,67.02999877929688,69.62000274658203,444787
859,2023-06-01,70.0999984741211,71.06999969482422,67.51000213623047,67.5999984741211,395393
860,2023-06-02,71.73999786376953,72.16999816894531,70.0,70.20999908447266,322596
861,2023-06-05,72.1500015258789,75.05999755859375,71.7300033569336,75.02999877929688,383943
862,2023-06-06,71.73999786376953,72.33000183105469,70.12999725341797,71.98999786376953,314962
863,2023-06-07,72.52999877929688,73.19000244140625,71.01000213623047,71.55999755859375,299127
864,2023-06-08,71.29000091552734,73.27999877929688,69.02999877929688,72.47000122070312,485396
865,2023-06-09,70.16999816894531,71.7699966430664,70.0999984741211,70.94000244140625,300724
866,2023-06-12,67.12000274658203,70.33000183105469,66.80000305175781,70.2699966430664,404769
867,2023-06-13,69.41999816894531,69.83000183105469,67.1500015258789,67.30999755859375,366354
868,2023-06-14,68.2699966430664,70.48999786376953,68.06999969482422,69.3499984741211,304449
869,2023-06-15,70.62000274658203,70.95999908447266,67.97000122070312,68.69999694824219,115613
870,2023-06-16,71.77999877929688,71.88999938964844,69.94999694824219,70.55000305175781,99185
871,2023-06-20,70.5,72.08999633789062,69.6500015258789,71.44999694824219,430492
872,2023-06-21,72.52999877929688,72.72000122070312,70.80000305175781,70.9000015258789,264656
873,2023-06-22,69.51000213623047,72.6500015258789,68.93000030517578,72.43000030517578,421348
874,2023-06-23,69.16000366210938,69.6500015258789,67.3499984741211,69.52999877929688,322475
875,2023-06-26,69.37000274658203,70.11000061035156,68.70999908447266,69.83999633789062,280116
876,2023-06-27,67.69999694824219,70.1500015258789,67.5,69.48999786376953,384752
877,2023-06-28,69.55999755859375,69.7300033569336,67.05000305175781,68.01000213623047,368295
878,2023-06-29,69.86000061035156,70.5999984741211,68.93000030517578,69.25,292865
879,2023-06-30,70.63999938964844,71.04000091552734,69.52999877929688,69.81999969482422,299873
880,2023-07-03,69.79000091552734,71.7699966430664,69.69000244140625,70.44999694824219,303479
881,2023-07-05,71.79000091552734,72.16999816894531,69.9000015258789,70.1500015258789,456809
882,2023-07-06,71.80000305175781,72.33999633789062,70.22000122070312,71.80000305175781,395381
883,2023-07-07,73.86000061035156,73.91999816894531,71.19000244140625,71.88999938964844,362632
884,2023-07-10,72.98999786376953,74.1500015258789,72.66999816894531,73.86000061035156,301014
885,2023-07-11,74.83000183105469,74.95999908447266,72.9800033569336,73.19000244140625,326883
886,2023-07-12,75.75,76.1500015258789,74.66999816894531,74.83000183105469,352887
887,2023-07-13,76.88999938964844,77.33000183105469,75.31999969482422,75.8499984741211,379728
888,2023-07-14,75.41999816894531,77.30000305175781,75.11000061035156,77.16000366210938,299576
889,2023-07-17,74.1500015258789,76.08999633789062,73.83999633789062,75.0199966430664,244785
890,2023-07-18,75.75,75.95999908447266,73.87999725341797,74.18000030517578,125092
891,2023-07-19,75.3499984741211,76.97000122070312,75.06999969482422,75.83999633789062,92920
892,2023-07-20,75.62999725341797,76.1500015258789,74.72000122070312,75.3499984741211,340962
893,2023-07-21,77.06999969482422,77.29000091552734,75.69000244140625,75.69999694824219,308106
894,2023-07-24,78.73999786376953,79.27999877929688,76.44000244140625,77.01000213623047,368285
895,2023-07-25,79.62999725341797,79.9000015258789,78.29000091552734,78.8499984741211,349600
896,2023-07-26,78.77999877929688,79.7699966430664,78.55000305175781,79.33999633789062,322031
897,2023-07-27,80.08999633789062,80.5999984741211,78.87000274658203,78.9000015258789,374358
898,2023-07-28,80.58000183105469,80.70999908447266,79.06999969482422,79.83999633789062,299547
899,2023-07-31,81.80000305175781,82.0,80.12999725341797,80.6500015258789,297270
900,2023-08-01,81.37000274658203,82.22000122070312,80.58999633789062,81.7300033569336,307859
901,2023-08-02,79.48999786376953,82.43000030517578,79.05000305175781,82.05000305175781,414825
902,2023-08-03,81.55000305175781,81.86000061035156,78.69000244140625,79.7699966430664,402641
903,2023-08-04,82.81999969482422,83.23999786376953,81.51000213623047,81.7300033569336,320873
904,2023-08-07,81.94000244140625,83.30000305175781,81.5199966430664,82.81999969482422,293036
905,2023-08-08,82.91999816894531,83.08000183105469,79.9000015258789,82.52999877929688,424545
906,2023-08-09,84.4000015258789,84.6500015258789,82.66999816894531,82.87999725341797,478140
907,2023-08-10,82.81999969482422,84.88999938964844,82.58000183105469,84.25,362188
908,2023-08-11,83.19000244140625,83.80999755859375,82.2300033569336,82.83000183105469,331254
909,2023-08-14,82.51000213623047,83.19999694824219,81.76000213623047,83.08999633789062,277352
910,2023-08-15,80.98999786376953,82.91000366210938,80.4000015258789,82.5199966430664,303207
911,2023-08-16,79.37999725341797,81.43000030517578,79.05000305175781,81.2300033569336,325403
912,2023-08-17,80.38999938964844,81.08000183105469,78.94999694824219,79.25,235581
913,2023-08-18,81.25,81.61000061035156,79.58999633789062,80.04000091552734,128090
914,2023-08-21,80.72000122070312,82.47000122070312,80.61000061035156,81.43000030517578,115874
915,2023-08-22,80.3499984741211,80.98999786376953,80.0999984741211,80.80000305175781,287489
916,2023-08-23,78.88999938964844,79.91000366210938,77.62000274658203,79.63999938964844,378146
917,2023-08-24,79.05000305175781,79.27999877929688,77.58999633789062,78.56999969482422,349230
918,2023-08-25,79.83000183105469,80.44999694824219,78.13999938964844,78.87999725341797,411409
919,2023-08-28,80.0999984741211,80.87000274658203,79.61000061035156,80.1500015258789,246584
920,2023-08-29,81.16000366210938,81.41000366210938,79.33999633789062,79.9800033569336,284168
921,2023-08-30,81.62999725341797,82.05000305175781,80.87999725341797,81.29000091552734,299418
922,2023-08-31,83.62999725341797,83.69000244140625,81.4800033569336,81.69999694824219,368848
923,2023-09-01,85.55000305175781,86.05999755859375,83.45999908447266,83.62999725341797,420461
924,2023-09-05,86.69000244140625,88.06999969482422,85.0199966430664,86.05999755859375,452908
925,2023-09-06,87.54000091552734,88.08000183105469,85.93000030517578,86.72000122070312,307115
926,2023-09-07,86.87000274658203,87.73999786376953,86.38999938964844,87.54000091552734,270736
927,2023-09-08,87.51000213623047,87.94999694824219,86.1500015258789,86.77999877929688,294437
928,2023-09-11,87.29000091552734,88.1500015258789,86.70999908447266,87.4000015258789,292388
929,2023-09-12,88.83999633789062,89.37000274658203,87.22000122070312,87.2699966430664,341137
930,2023-09-13,88.5199966430664,89.63999938964844,88.29000091552734,88.75,345972
931,2023-09-14,90.16000366210938,90.79000091552734,88.68000030517578,88.80999755859375,325270
932,2023-09-15,90.7699966430664,91.2300033569336,89.22000122070312,90.66999816894531,315003
933,2023-09-18,91.4800033569336,92.43000030517578,90.75,91.19999694824219,119258
934,2023-09-19,91.19999694824219,93.73999786376953,91.06999969482422,92.22000122070312,94597
935,2023-09-20,90.27999877929688,91.9800033569336,89.87000274658203,91.55000305175781,457854
936,2023-09-21,89.62999725341797,90.9800033569336,88.37000274658203,89.30000305175781,351032
937,2023-09-22,90.02999877929688,91.33000183105469,89.30999755859375,89.62000274658203,402087
938,2023-09-25,89.68000030517578,90.83000183105469,89.02999877929688,90.55000305175781,328369
939,2023-09-26,90.38999938964844,90.73999786376953,88.19000244140625,89.87999725341797,318016
940,2023-09-27,93.68000030517578,94.16999816894531,90.4000015258789,90.52999877929688,504630
941,2023-09-28,91.70999908447266,95.02999877929688,91.38999938964844,93.77999877929688,406709
942,2023-09-29,90.79000091552734,93.0999984741211,90.3499984741211,91.76000213623047,355782
943,2023-10-02,88.81999969482422,91.87999725341797,88.45999908447266,90.81999969482422,334493
944,2023-10-03,89.2300033569336,90.2699966430664,87.76000213623047,88.66999816894531,350659
945,2023-10-04,84.22000122070312,89.58999633789062,84.16000366210938,89.41999816894531,459995
946,2023-10-05,82.30999755859375,84.91999816894531,82.1500015258789,84.44999694824219,465997
947,2023-10-06,82.79000091552734,83.27999877929688,81.5,82.27999877929688,461139
948,2023-10-09,86.37999725341797,87.23999786376953,84.66999816894531,85.25,435037
949,2023-10-10,85.97000122070312,86.73999786376953,85.12000274658203,86.43000030517578,337654
950,2023-10-11,83.48999786376953,86.51000213623047,83.11000061035156,85.95999908447266,425395
951,2023-10-12,82.91000366210938,85.19999694824219,82.30999755859375,83.19999694824219,373492
952,2023-10-13,87.69000244140625,87.83000183105469,83.3499984741211,83.51000213623047,356863
953,2023-10-16,86.66000366210938,88.33000183105469,86.31999969482422,87.72000122070312,235780
954,2023-10-17,86.66000366210938,87.75,85.5999984741211,87.05999755859375,197124
955,2023-10-18,88.31999969482422,89.87999725341797,87.19999694824219,87.80999755859375,92797
956,2023-10-19,89.37000274658203,90.68000030517578,86.5999984741211,88.23999786376953,72058
957,2023-10-20,88.75,90.77999877929688,88.33000183105469,90.27999877929688,311917
958,2023-10-23,85.48999786376953,88.29000091552734,85.3499984741211,88.0,315517
959,2023-10-24,83.73999786376953,86.30000305175781,82.94000244140625,86.1500015258789,370591
960,2023-10-25,85.38999938964844,85.55999755859375,82.08000183105469,83.69000244140625,429459
961,2023-10-26,83.20999908447266,85.58999633789062,82.55999755859375,85.37000274658203,341792
962,2023-10-27,85.54000091552734,85.9000015258789,83.0999984741211,83.52999877929688,333760
963,2023-10-30,82.30999755859375,85.30000305175781,81.81999969482422,85.0,356928
964,2023-10-31,81.0199966430664,83.37000274658203,80.73999786376953,82.58999633789062,346007
965,2023-11-01,80.44000244140625,83.41999816894531,80.30000305175781,81.4800033569336,321592
966,2023-11-02,82.45999908447266,82.83000183105469,80.22000122070312,80.81999969482422,307122
967,2023-11-03,80.51000213623047,83.5999984741211,80.0999984741211,82.58000183105469,457281
968,2023-11-06,80.81999969482422,82.23999786376953,80.66000366210938,81.12999725341797,271131
969,2023-11-07,77.37000274658203,81.05000305175781,77.08999633789062,80.93000030517578,396289
970,2023-11-08,75.33000183105469,77.52999877929688,74.91000366210938,77.12000274658203,429647
971,2023-11-09,75.73999786376953,77.16000366210938,75.20999908447266,75.6500015258789,303430
972,2023-11-10,77.16999816894531,77.7300033569336,75.30999755859375,75.58999633789062,266998
973,2023-11-13,78.26000213623047,78.63999938964844,76.20999908447266,77.1500015258789,262903
974,2023-11-14,78.26000213623047,79.7699966430664,77.79000091552734,78.52999877929688,263002
975,2023-11-15,76.66000366210938,78.7699966430664,76.30999755859375,78.16999816894531,282301
976,2023-11-16,72.9000015258789,76.62999725341797,72.16000366210938,76.5999984741211,125165
977,2023-11-17,75.88999938964844,75.98999786376953,72.75,72.97000122070312,101484
978,2023-11-20,77.5999984741211,78.22000122070312,75.6500015258789,75.6500015258789,270638
979,2023-11-21,77.7699966430664,77.91999816894531,76.91999816894531,77.6500015258789,238629
980,2023-11-22,77.0999984741211,77.97000122070312,73.79000091552734,77.7699966430664,389325
981,2023-11-24,75.54000091552734,77.08999633789062,75.06999969482422,76.79000091552734,281147
982,2023-11-27,74.86000061035156,76.2300033569336,74.05999755859375,75.30999755859375,289562
983,2023-11-28,76.41000366210938,77.0199966430664,74.63999938964844,75.06999969482422,286618
984,2023-11-29,77.86000061035156,78.08999633789062,75.66999816894531,76.55999755859375,322170
985,2023-11-30,75.95999908447266,79.5999984741211,75.05000305175781,77.75,559169
986,2023-12-01,74.06999969482422,76.76000213623047,73.93000030517578,75.58999633789062,358976
987,2023-12-04,73.04000091552734,75.02999877929688,72.62999725341797,74.58000183105469,388832
988,2023-12-05,72.31999969482422,74.12000274658203,72.0199966430664,73.30000305175781,358703
989,2023-12-06,69.37999725341797,72.5999984741211,69.11000061035156,72.0999984741211,436803
990,2023-12-07,69.33999633789062,70.4800033569336,68.80000305175781,69.27999877929688,339000
991,2023-12-08,71.2300033569336,71.62999725341797,69.5,69.76000213623047,302250
992,2023-12-11,71.31999969482422,71.80999755859375,70.3499984741211,71.1500015258789,274414
993,2023-12-12,68.61000061035156,71.95999908447266,68.22000122070312,71.43000030517578,324530
994,2023-12-13,69.47000122070312,69.88999938964844,67.70999908447266,68.7300033569336,306996
995,2023-12-14,71.58000183105469,72.45999908447266,69.54000091552734,69.8499984741211,275688
996,2023-12-15,71.43000030517578,72.22000122070312,70.30000305175781,71.61000061035156,95513
997,2023-12-18,72.47000122070312,74.26000213623047,70.63999938964844,71.68000030517578,73941
998,2023-12-19,73.44000244140625,74.01000213623047,71.8499984741211,72.4800033569336,230042
999,2023-12-20,74.22000122070312,75.37000274658203,73.5999984741211,74.05999755859375,273364
1000,2023-12-21,73.88999938964844,74.58000183105469,72.44000244140625,73.80999755859375,251982
1001,2023-12-22,73.55999755859375,74.9800033569336,73.38999938964844,73.91000366210938,222600
1002,2023-12-26,75.56999969482422,76.18000030517578,73.12999725341797,73.55999755859375,208715
1003,2023-12-27,74.11000061035156,75.66000366210938,73.7699966430664,75.31999969482422,253323
1004,2023-12-28,71.7699966430664,74.4000015258789,71.72000122070312,73.80000305175781,262748
1005,2023-12-29,71.6500015258789,72.62000274658203,71.25,71.98999786376953,214486
